Federal Provider Number,Provider Name,Provider Address,Provider City,Provider State,Provider Zip Code,Provider Phone Number,Provider SSA County Code,Provider County Name,Ownership Type,Number of Certified Beds,Average Number of Residents Per Day,Provider Type,Provider Resides in Hospital,Legal Business Name,Date First Approved to Provide Medicare and Medicaid services,Continuing Care Retirement Community,Special Focus Facility,Most Recent Health Inspection More Than 2 Years Ago,Provider Changed Ownership in Last 12 Months,With a Resident and Family Council,Automatic Sprinkler Systems in All Required Areas,Overall Rating,Overall Rating Footnote,Health Inspection Rating,Health Inspection Rating Footnote,QM Rating,QM Rating Footnote,Staffing Rating,Staffing Rating Footnote,RN Staffing Rating,RN Staffing Rating Footnote,Reported Staffing Footnote,Physical Therapist Staffing Footnote,Reported CNA Staffing Hours per Resident per Day,Reported LPN Staffing Hours per Resident per Day,Reported RN Staffing Hours per Resident per Day,Reported Licensed Staffing Hours per Resident per Day,Reported Total Nurse Staffing Hours per Resident per Day,Reported Physical Therapist Staffing Hours per Resident Per Day,Expected CNA Staffing Hours per Resident per Day,Expected LPN Staffing Hours per Resident per Day,Expected RN Staffing Hours per Resident per Day,Expected Total Nurse Staffing Hours per Resident per Day,Adjusted CNA Staffing Hours per Resident per Day,Adjusted LPN Staffing Hours per Resident per Day,Adjusted RN Staffing Hours per Resident per Day,Adjusted Total Nurse Staffing Hours per Resident per Day,Health Survey Date Under New Process,Number of Health Deficiencies on Survey Under New Process,Severity of Most Severe Deficiency Cited Under New Process,Largest Number of Residents Affected by Deficiency Cited Under New Process,Date of Previous Standard Health Inspection,Number of Health Deficiencies on Previous Standard Health Inspection,Rating Cycle 1 Standard Survey Health Date,Rating Cycle 1 Total Number of Health Deficiencies,Rating Cycle 1 Number of Standard Health Deficiencies,Rating Cycle 1 Number of Complaint Health Deficiencies,Rating Cycle 1 Health Deficiency Score,Rating Cycle 1 Number of Health Revisits,Rating Cycle 1 Health Revisit Score,Rating Cycle 1 Total Health Score,Rating Cycle 2 Standard Health Survey Date,Rating Cycle 2 Total Number of Health Deficiencies,Rating Cycle 2 Number of Standard Health Deficiencies,Rating Cycle 2 Number of Complaint Health Deficiencies,Rating Cycle 2 Health Deficiency Score,Rating Cycle 2 Number of Health Revisits,Rating Cycle 2 Health Revisit Score,Rating Cycle 2 Total Health Score,Total Weighted Health Survey Score,Number of Facility Reported Incidents,Number of Substantiated Complaints,Number of Fines,Total Amount of Fines in Dollars,Number of Payment Denials,Total Number of Penalties,Location,Processing Date
415044,FRIENDLY HOME INC THE,303 RHODES AVENUE,WOONSOCKET,RI,2895,4017697220,30,Providence,For profit - Corporation,126,124.5,Medicare and Medicaid,FALSE,FRIENDLY HOME INC,29007,FALSE,FALSE,FALSE,FALSE,Resident,Yes,5,,4,,5,,4,,4,,,,2.64339,0.52696,0.51567,1.04263,3.68602,0.06703,1.99795,0.65791,0.30127,2.95712,2.76045,0.60188,0.64195,4.00487,No Health Inspection since 11/28/2017,Not Applicable,Not Applicable,Not Applicable,7/13/2017,0,7/13/2017,0,0,0,0,0,0,0,7/22/2016,4,4,0,4,1,0,4,1.6,0,0,0,0,0,0,"303 RHODES AVENUE WOONSOCKET, RI 02895 (42.005585, -71.533652)",10/1/2018
415049,HEBERT NURSING HOME,180 LOG ROAD,SMITHFIELD,RI,2917,4012317016,30,Providence,For profit - Corporation,133,111.8,Medicare and Medicaid,FALSE,ASLC RI II LLC,28430,FALSE,FALSE,FALSE,FALSE,Resident,Yes,4,,3,,2,,4,,4,,,,3.07665,0.46259,0.54749,1.01008,4.08673,0,1.82535,0.64705,0.30093,2.77333,3.5167,0.53723,0.68231,4.7345,7/18/2018,4,Minimal Harm/Potential for Actual Harm,Many,5/10/2017,2,5/10/2017,2,2,0,12,1,0,12,5/31/2016,0,0,0,0,0,0,0,7.2,10,0,0,0,0,0,"180 LOG ROAD SMITHFIELD, RI 02917 (41.910336, -71.551313)",10/1/2018
415052,CHARLESGATE NURSING CENTER,100 RANDALL STREET,PROVIDENCE,RI,2904,4018615858,30,Providence,For profit - Partnership,120,103.9,Medicare and Medicaid,FALSE,CHARLESGATE NURSING CENTER,28358,FALSE,FALSE,FALSE,FALSE,Resident,Yes,4,,4,,3,,4,,4,,,,2.58993,0.52328,0.55898,1.08226,3.67219,0.04133,1.77383,0.67027,0.33249,2.77659,3.04634,0.58666,0.63052,4.24926,2/20/2018,4,Immediate Jeopardy,Few,1/10/2017,1,1/10/2017,1,1,0,4,1,0,4,1/20/2016,3,2,1,0,1,0,0,2.4,2,1,1,156606,0,1,"100 RANDALL STREET PROVIDENCE, RI 02904 (41.838228, -71.409659)",10/1/2018
415066,CRA-MAR MEADOWS,575 SEVEN MILE ROAD,CRANSTON,RI,2920,4018285010,30,Providence,For profit - Corporation,41,31.4,Medicare and Medicaid,FALSE,CRA-MAR CORPORATION,29252,FALSE,FALSE,FALSE,FALSE,Resident,Yes,2,,1,,5,,2,,4,,,,1.33833,0,0.76525,0.76525,2.10358,0.07793,2.03774,0.7062,0.33845,3.08239,1.3703,0,0.84799,2.19266,No Health Inspection since 11/28/2017,Not Applicable,Not Applicable,Not Applicable,11/2/2017,8,11/2/2017,8,8,0,68,1,0,68,11/4/2016,3,3,0,24,1,0,24,50.4,0,0,0,0,0,0,"575 SEVEN MILE ROAD CRANSTON, RI 02920",10/1/2018
415074,VILLAGE HOUSE CONVALESCENT HOME INC,70 HARRISON AVENUE,NEWPORT,RI,2840,4018495222,20,Newport,For profit - Corporation,95,73.4,Medicare and Medicaid,FALSE,VILLAGE HOUSE CONVALESCENT HOME INC,29299,FALSE,FALSE,FALSE,FALSE,Resident,Yes,3,,3,,4,,3,,5,,,,2.13078,0.12143,1.07979,1.20122,3.332,0.05304,2.17075,0.73952,0.35511,3.26539,2.04801,0.12339,1.14039,3.27846,No Health Inspection since 11/28/2017,Not Applicable,Not Applicable,Not Applicable,9/21/2017,1,9/21/2017,1,1,0,8,1,0,8,10/7/2016,0,0,0,0,0,0,0,4.8,0,0,0,0,0,0,"70 HARRISON AVENUE NEWPORT, RI 02840 (41.471447, -71.322583)",10/1/2018
415105,WOODPECKER HILL HEALTH CENTER,2052 PLAINFIELD PIKE,GREENE,RI,2827,4013977504,10,Kent,For profit - Corporation,41,33.7,Medicare and Medicaid,FALSE,"GREENE ACRES HEALTH CENTER, LLC",33573,FALSE,FALSE,FALSE,FALSE,Resident,Yes,4,,3,,5,,3,,5,,,,1.97568,0.35129,1.05371,1.405,3.38067,0.08207,2.26093,0.67731,0.31944,3.25769,1.82318,0.38975,1.2371,3.33422,No Health Inspection since 11/28/2017,Not Applicable,Not Applicable,Not Applicable,9/15/2017,0,9/15/2017,0,0,0,0,0,0,0,10/14/2016,2,2,0,16,1,0,16,6.4,0,0,0,0,0,0,"2052 PLAINFIELD PIKE GREENE, RI 02827",10/1/2018
415028,WEST SHORE HEALTH CENTER,109 WEST SHORE ROAD,WARWICK,RI,2889,4017399440,10,Kent,For profit - Corporation,145,130.7,Medicare and Medicaid,FALSE,WARWICK HEALTH CENTRE INC.,25689,FALSE,FALSE,FALSE,FALSE,Resident,Yes,3,,3,,4,,2,,4,,,,1.92674,0.3832,0.59753,0.98073,2.90747,0,2.10496,0.70433,0.322,3.13128,1.90977,0.40883,0.69597,2.98327,7/9/2018,12,Actual Harm,Many,4/7/2017,1,4/7/2017,3,1,2,8,1,0,8,6/3/2016,1,1,0,4,1,0,4,6.4,0,0,0,0,0,0,"109 WEST SHORE ROAD WARWICK, RI 02889 (41.733287, -71.402699)",10/1/2018
415027,OAK HILL HEALTH & REHABILITATION CENTER,544 PLEASANT STREET,PAWTUCKET,RI,2860,4017258888,30,Providence,For profit - Corporation,129,111.7,Medicare and Medicaid,FALSE,OAK HILL OPERATIONS ASSOCIATES LLC,25355,FALSE,TRUE,FALSE,FALSE,Resident,Yes,2,,1,,2,,4,,4,,,,2.22827,0.67081,0.58539,1.2562,3.48447,0.09171,1.95057,0.70411,0.34079,2.99547,2.38347,0.71592,0.64423,3.73743,6/18/2018,6,Minimal Harm/Potential for Actual Harm,Many,6/30/2017,4,6/30/2017,4,4,4,32,1,0,32,10/3/2016,5,2,3,16,1,0,16,25.6,6,9,0,0,0,0,"544 PLEASANT STREET PAWTUCKET, RI 02860 (41.863973, -71.383313)",10/1/2018
415023,SUNNY VIEW NURSING HOME INC,83 CORONA STREET,WARWICK,RI,2886,4017379193,10,Kent,For profit - Individual,57,52.6,Medicare and Medicaid,FALSE,"SUNNY VIEW NURSING HOME, INC",24930,FALSE,FALSE,FALSE,FALSE,Resident,Yes,5,,3,,5,,4,,5,,,,2.54764,0.49331,0.97999,1.47331,4.02095,0.1225,2.0247,0.74248,0.37488,3.14206,2.6253,0.49928,0.98043,4.11163,6/8/2018,0,None,None,5/11/2017,1,5/11/2017,1,1,0,8,1,0,8,6/16/2016,0,0,0,0,0,0,0,4.8,0,0,0,0,0,0,"83 CORONA STREET WARWICK, RI 02886 (41.723183, -71.459285)",10/1/2018
415040,ROYAL MIDDLETOWN NURSING CENTER,193 FOREST AVENUE,MIDDLETOWN,RI,2842,4018472777,20,Newport,For profit - Corporation,50,42.2,Medicare and Medicaid,FALSE,ROYAL MIDDLETOWN NURSING CENTER LLC,27119,TRUE,FALSE,FALSE,FALSE,Resident,Yes,5,,4,,5,,3,,4,,,,2.41977,0.09814,0.80316,0.90129,3.32106,0.15783,1.99134,0.73831,0.36844,3.09809,2.53532,0.09988,0.81755,3.44416,12/28/2017,0,None,None,10/28/2016,1,10/28/2016,1,1,0,4,1,0,4,12/3/2015,0,0,0,0,0,0,0,2.4,0,0,0,0,0,0,"193 FOREST AVENUE MIDDLETOWN, RI 02842 (41.528017, -71.28822)",10/1/2018
415032,CEDAR CREST NURSING CENTRE INC,125 SCITUATE AVENUE,CRANSTON,RI,2920,4019448500,30,Providence,For profit - Corporation,156,155.4,Medicare and Medicaid,FALSE,CEDAR CREST NURSING CENTRE INC,25804,FALSE,FALSE,FALSE,FALSE,Both,Yes,4,,3,,4,,4,,5,,,,2.68323,0.31265,0.90446,1.21712,3.90034,0.11136,2.18911,0.71847,0.33662,3.24419,2.55736,0.32701,1.00772,3.86275,3/8/2018,3,Minimal Harm/Potential for Actual Harm,Few,1/12/2017,0,1/12/2017,0,0,0,0,0,0,0,2/12/2016,2,1,1,12,1,0,12,4.8,0,1,1,3063,0,1,"125 SCITUATE AVENUE CRANSTON, RI 02920 (41.778839, -71.479833)",10/1/2018
415041,WOONSOCKET HEALTH CENTRE,262 POPLAR STREET,WOONSOCKET,RI,2895,4017652100,30,Providence,For profit - Corporation,150,133.6,Medicare and Medicaid,FALSE,"CON-V-CARE, INC",27571,FALSE,FALSE,FALSE,FALSE,Both,Yes,5,,5,,3,,4,,4,,,,2.38653,0.2957,0.6688,0.9645,3.35103,0.01356,1.85959,0.64159,0.29768,2.79886,2.67764,0.34633,0.84263,3.84678,No Health Inspection since 11/28/2017,Not Applicable,Not Applicable,Not Applicable,7/31/2017,0,7/31/2017,0,0,0,0,0,0,0,8/25/2016,0,0,0,0,0,0,0,0,0,0,0,0,0,0,"262 POPLAR STREET WOONSOCKET, RI 02895 (42.008072, -71.48806)",10/1/2018
415029,GOLDEN CREST NURSING CENTRE,100 SMITHFIELD ROAD,NORTH PROVIDENCE,RI,2904,4013531710,30,Providence,For profit - Corporation,152,126.6,Medicare and Medicaid,FALSE,"PEZZELLI NURSING HOME, INC",25493,FALSE,FALSE,FALSE,FALSE,Both,Yes,3,,2,,4,,4,,4,,,,2.98164,0.43237,0.47807,0.91044,3.89207,0.06146,2.04864,0.62533,0.28047,2.95444,3.03663,0.51958,0.63926,4.23259,1/22/2018,0,None,None,12/29/2016,2,12/29/2016,2,2,0,20,1,0,20,1/19/2016,2,2,0,12,1,0,12,16.8,0,0,0,0,0,0,"100 SMITHFIELD ROAD NORTH PROVIDENCE, RI 02904 (41.856041, -71.44898)",10/1/2018
415007,ELDERWOOD AT RIVERSIDE,100 WAMPANOAG TRAIL,RIVERSIDE,RI,2915,4014384275,30,Providence,For profit - Corporation,57,47.7,Medicare and Medicaid,FALSE,100 WAMPANOAG TRAIL OPERATING COMPANY LLC,24473,FALSE,FALSE,FALSE,FALSE,Resident,Yes,5,,5,,5,,4,,5,,,,2.31158,0.40827,1.27618,1.68444,3.99602,0.14569,1.98552,0.70572,0.35055,3.04178,2.42906,0.43473,1.36536,4.22085,12/7/2017,0,None,None,11/4/2016,0,11/4/2016,0,0,0,0,0,0,0,11/6/2015,0,0,0,0,0,0,0,0,0,0,0,0,0,0,"100 WAMPANOAG TRAIL RIVERSIDE, RI 02915 (41.797199, -71.358895)",10/1/2018
415002,HATTIE IDE CHAFFEE HOME,200 WAMPANOAG TRAIL,EAST PROVIDENCE,RI,2914,4014341520,30,Providence,For profit - Corporation,60,56.9,Medicare and Medicaid,FALSE,HATTIE IDE CHAFFEE NURSING HOME INC,29587,FALSE,FALSE,FALSE,FALSE,Both,Yes,5,,3,,5,,5,,5,,,,3.15039,0.08259,1.146,1.2286,4.37898,0.12066,2.2236,0.71118,0.3347,3.26947,2.95604,0.08727,1.28414,4.30324,12/6/2017,0,None,None,11/22/2016,2,11/22/2016,2,2,0,12,1,0,12,12/17/2015,0,0,0,0,0,0,0,7.2,0,0,0,0,0,0,"200 WAMPANOAG TRAIL EAST PROVIDENCE, RI 02914 (41.796194, -71.355011)",10/1/2018
415031,SILVER CREEK MANOR,7 CREEK LANE,BRISTOL,RI,2809,4012533000,0,Bristol,For profit - Corporation,128,108.2,Medicare and Medicaid,FALSE,KAR LITTLE BOX LLC,25946,FALSE,FALSE,FALSE,FALSE,None,Yes,4,,4,,2,,3,,5,,,,2.29702,0.18582,0.87495,1.06077,3.3578,0.04895,2.08006,0.6573,0.3059,3.04325,2.30405,0.21244,1.07274,3.545,7/6/2018,2,Potential for Minimal Harm,Many,4/21/2017,3,4/21/2017,3,3,0,4,1,0,4,6/17/2016,1,1,0,0,0,0,0,2.4,0,0,0,0,0,0,"7 CREEK LANE BRISTOL, RI 02809 (41.679532, -71.277212)",10/1/2018
415034,GRAND ISLANDER CENTER,333 GREEN END AVENUE,MIDDLETOWN,RI,2842,4018497100,20,Newport,For profit - Corporation,146,119.1,Medicare and Medicaid,FALSE,333 GREEN END AVENUE OPERATIONS LLC,27395,FALSE,FALSE,FALSE,FALSE,Resident,Yes,5,,4,,5,,4,,5,,,,2.24967,0.38217,1.10147,1.48364,3.73331,0.09829,2.04647,0.73455,0.35849,3.13951,2.29359,0.39097,1.15234,3.8206,No Health Inspection since 11/28/2017,Not Applicable,Not Applicable,Not Applicable,8/25/2017,1,8/25/2017,1,1,0,4,1,0,4,8/5/2016,0,0,0,0,0,0,0,2.4,0,0,0,0,0,0,"333 GREEN END AVENUE MIDDLETOWN, RI 02842 (41.506576, -71.28664)",10/1/2018
415015,APPLE REHAB WATCH HILL,79 WATCH HILL ROAD,WESTERLY,RI,2891,4015962664,50,Washington,For profit - Individual,60,,Medicare and Medicaid,FALSE,"WATCH HILL MANOR, LTD.",25979,FALSE,FALSE,FALSE,FALSE,Resident,Yes,4,,4,,5,,1,Downgraded to 1 Star,1,Downgraded to 1 Star,Data Not Available,Data Not Available,,,,,,,,,,,,,,,No Health Inspection since 11/28/2017,Not Applicable,Not Applicable,Not Applicable,10/5/2017,1,10/5/2017,1,1,0,0,1,0,0,10/28/2016,3,3,0,4,1,0,4,1.6,0,0,0,0,0,0,"79 WATCH HILL ROAD WESTERLY, RI 02891 (41.335055, -71.828527)",10/1/2018
415004,ROYAL OF WESTERLY NURSING CENTER,79 BEACH STREET,WESTERLY,RI,2891,4015964925,50,Washington,For profit - Corporation,66,61.8,Medicare and Medicaid,FALSE,ROYAL WESTERLY LLC,24473,FALSE,FALSE,FALSE,FALSE,Resident,Yes,5,,4,,5,,4,,5,,,,2.53271,0.04465,1.14057,1.18522,3.71793,0.12607,2.06149,0.67315,0.32576,3.0604,2.56334,0.04985,1.31313,3.90322,No Health Inspection since 11/28/2017,Not Applicable,Not Applicable,Not Applicable,8/10/2017,0,8/10/2017,0,0,0,0,0,0,0,9/1/2016,2,2,0,4,1,0,4,1.6,3,0,0,0,0,0,"79 BEACH STREET WESTERLY, RI 02891 (41.362099, -71.828772)",10/1/2018
415033,HEATHERWOOD REHABILITATION & HEALTH CARE CENTER,398 BELLEVUE AVENUE,NEWPORT,RI,2840,4018496600,20,Newport,For profit - Corporation,114,106.7,Medicare and Medicaid,FALSE,HEATHERWOOD RI LLC,27395,FALSE,FALSE,FALSE,FALSE,Resident,Yes,3,,2,,2,,4,,4,,,,2.02266,0.57476,0.57055,1.14531,3.16797,0.11587,1.82083,0.69386,0.32195,2.83664,2.31769,0.62247,0.66465,3.5882,6/22/2018,7,Minimal Harm/Potential for Actual Harm,Many,4/14/2017,0,4/14/2017,0,0,0,0,0,0,0,6/13/2016,2,2,0,24,1,0,24,9.6,0,0,0,0,0,0,"398 BELLEVUE AVENUE NEWPORT, RI 02840 (41.477036, -71.307969)",10/1/2018
415036,PARK VIEW CTR FOR REHABILITATION AND HEALTH CARE,31 PARADE STREET,PROVIDENCE,RI,2909,4013512600,30,Providence,For profit - Corporation,66,47.9,Medicare and Medicaid,FALSE,PARK VIEW OPERATIONS ASSOCIATES LLC,27515,FALSE,FALSE,FALSE,FALSE,Resident,Yes,4,,2,,5,,5,,5,,,,3.00099,0.16348,1.31493,1.47841,4.4794,0.13119,1.67409,0.65669,0.31075,2.64154,3.74015,0.18707,1.58697,5.44833,4/23/2018,9,Minimal Harm/Potential for Actual Harm,Many,3/8/2017,5,3/8/2017,5,5,0,12,1,0,12,4/25/2016,2,2,0,16,1,0,16,13.6,0,0,0,0,0,0,"31 PARADE STREET PROVIDENCE, RI 02909 (41.815148, -71.432538)",10/1/2018
415014,GRACE BARKER NURSING CENTER,54 BARKER AVENUE,WARREN,RI,2885,4012459100,0,Bristol,For profit - Corporation,86,83.7,Medicare and Medicaid,FALSE,"GRACE BARKER NURSING CENTER, INC.",24559,FALSE,FALSE,FALSE,FALSE,Resident,Yes,3,,3,,5,,1,Downgraded to 1 Star,1,Downgraded to 1 Star,Data Not Available,Data Not Available,,,,,,,,,,,,,,,3/30/2018,1,Minimal Harm/Potential for Actual Harm,Some,2/24/2017,0,2/24/2017,0,0,0,0,0,0,0,4/7/2016,1,1,0,8,1,0,8,3.2,0,0,0,0,0,0,"54 BARKER AVENUE WARREN, RI 02885 (41.727711, -71.26429)",10/1/2018
415020,GRANDVIEW CENTER,100 CHAMBERS STREET,CUMBERLAND,RI,2864,4017247500,30,Providence,For profit - Corporation,72,67.7,Medicare and Medicaid,FALSE,100 CHAMBERS STREET OPERATIONS LLC,24839,FALSE,FALSE,FALSE,FALSE,Both,Yes,4,,4,,4,,4,,5,,,,2.21303,0.49323,0.88677,1.38,3.59303,0.09184,2.11082,0.72706,0.36499,3.20287,2.18745,0.50978,0.91119,3.6043,2/6/2018,0,None,None,1/10/2017,1,1/10/2017,1,1,0,4,1,0,4,3/10/2016,0,0,0,0,0,0,0,2.4,0,0,0,0,0,0,"100 CHAMBERS STREET CUMBERLAND, RI 02864 (41.906946, -71.396704)",10/1/2018
415012,BRIARCLIFFE MANOR,49 OLD POCASSET ROAD,JOHNSTON,RI,2919,4019442450,30,Providence,For profit - Corporation,122,117.4,Medicare and Medicaid,FALSE,MEDICAL HOMES OF RHODE ISLAND INC,24509,FALSE,FALSE,FALSE,FALSE,Resident,Yes,5,,5,,5,,5,,5,,,,3.31199,0.2835,0.98629,1.26979,4.58178,0.09905,2.27066,0.71462,0.3509,3.33618,3.04326,0.29811,1.05416,4.4125,2/23/2018,2,Minimal Harm/Potential for Actual Harm,Some,1/18/2017,0,1/18/2017,0,0,0,0,0,0,0,2/19/2016,1,1,0,0,1,0,0,0,0,0,0,0,0,0,"49 OLD POCASSET ROAD JOHNSTON, RI 02919 (41.815987, -71.514682)",10/1/2018
415010,SAINT ELIZABETH HOME EAST GREENWICH,1 SAINT ELIZABETH WAY,EAST GREENWICH,RI,2818,4014716060,10,Kent,Non profit - Corporation,144,167.5,Medicare and Medicaid,FALSE,SAINT ELIZABETH HOME EAST GREENWICH,24473,FALSE,FALSE,FALSE,FALSE,Both,Yes,4,,5,,3,,1,Downgraded to 1 Star,1,Downgraded to 1 Star,Data Not Available,Data Not Available,,,,,,,,,,,,,,,No Health Inspection since 11/28/2017,Not Applicable,Not Applicable,Not Applicable,5/26/2017,0,5/26/2017,0,0,0,0,0,0,0,6/28/2016,0,0,0,0,0,0,0,0,0,0,0,0,0,0,"1 SAINT ELIZABETH WAY EAST GREENWICH, RI 02818 (41.639386, -71.472683)",10/1/2018
415038,BANNISTER CTR FOR REHABILITATION AND HEALTH CARE,135 DODGE STREET,PROVIDENCE,RI,2907,4015219600,30,Providence,For profit - Corporation,95,89.2,Medicare and Medicaid,FALSE,BANNISTER OPERATIONS ASSOC LLC,27119,FALSE,FALSE,FALSE,FALSE,Resident,Yes,1,,1,,3,,3,,3,,,,2.47847,0.49122,0.57678,1.068,3.54648,0.12865,1.87761,0.71646,0.37091,2.96499,2.75411,0.51521,0.5832,3.84304,2/14/2018,13,Actual Harm,Many,2/2/2017,1,2/2/2017,5,1,4,56,1,0,56,3/11/2016,6,5,5,24,1,0,24,43.2,6,5,1,13627,0,1,"135 DODGE STREET PROVIDENCE, RI 02907 (41.81389, -71.424984)",10/1/2018
415129,SUMMIT COMMONS REHABILITATION AND HEALTH CARE CNT,99 HILLSIDE AVENUE,PROVIDENCE,RI,2906,4015744800,30,Providence,For profit - Corporation,146,122.4,Medicare and Medicaid,FALSE,"SUMMIT RI SNF, LLC",39686,FALSE,FALSE,FALSE,FALSE,Resident,Yes,2,,1,,5,,4,,4,,,,2.34956,0.52672,0.58492,1.11164,3.4612,0.09794,1.9887,0.7316,0.3482,3.0685,2.46501,0.54101,0.63002,3.6241,9/7/2018,0,None,None,7/21/2017,3,7/21/2017,6,3,6,40,1,0,40,8/5/2016,3,2,1,28,1,0,28,35.2,3,3,1,1495,0,1,"99 HILLSIDE AVENUE PROVIDENCE, RI 02906 (41.856817, -71.394912)",10/1/2018
415024,HALLWORTH HOUSE,66 BENEFIT STREET,PROVIDENCE,RI,2904,4012744505,30,Providence,Non profit - Church related,57,42.3,Medicare and Medicaid,FALSE,EPISCOPAL HOUSING FOUNDATION OF RHODE ISLAND,25036,FALSE,FALSE,FALSE,FALSE,Resident,Yes,4,,3,,4,,5,,5,,,,3.49162,1.22182,1.05513,2.27695,5.76857,0.10193,2.19035,0.71327,0.32321,3.22683,3.32595,1.28723,1.22435,5.74371,4/16/2018,0,None,None,3/8/2017,2,3/8/2017,2,2,0,8,1,0,8,4/22/2016,0,0,0,0,0,0,0,4.8,0,0,0,0,0,0,"66 BENEFIT STREET PROVIDENCE, RI 02904 (41.831856, -71.409359)",10/1/2018
415035,HOPKINS MANOR LTD,610 SMITHFIELD ROAD,NORTH PROVIDENCE,RI,2904,4013536300,30,Providence,For profit - Corporation,200,179.5,Medicare and Medicaid,FALSE,"HOPKINS MANOR, LTD",27515,FALSE,FALSE,FALSE,FALSE,Both,Yes,3,,2,,5,,3,,3,,,,2.3943,0.43473,0.45241,0.88714,3.28144,0.04194,2.00981,0.69762,0.32882,3.03626,2.48557,0.46827,0.51601,3.47237,2/1/2018,3,Minimal Harm/Potential for Actual Harm,Some,2/3/2017,2,2/3/2017,2,2,0,16,1,0,16,3/4/2016,0,0,0,0,0,0,0,9.6,2,0,0,0,0,0,"610 SMITHFIELD ROAD NORTH PROVIDENCE, RI 02904 (41.864997, -71.467306)",10/1/2018
415075,HOLIDAY RETIREMENT HOME INC,30 SAYLES HILL ROAD,MANVILLE,RI,2838,4017651440,30,Providence,For profit - Corporation,170,153.8,Medicare and Medicaid,FALSE,"THE HOLIDAY RETIREMENT HOME, INC.",29373,FALSE,FALSE,FALSE,FALSE,Resident,Yes,4,,4,,3,,4,,4,,,,2.8052,0.34978,0.6038,0.95358,3.75878,0.09174,2.05629,0.64961,0.2902,2.9961,2.84631,0.40462,0.78033,4.0308,5/3/2018,1,Minimal Harm/Potential for Actual Harm,Many,2/17/2017,0,2/17/2017,0,0,0,0,0,0,0,3/24/2016,2,2,0,4,1,0,4,1.6,0,0,0,0,0,0,"30 SAYLES HILL ROAD MANVILLE, RI 02838 (41.966404, -71.481479)",10/1/2018
415009,KENT REGENCY CENTER,660 COMMONWEALTH AVENUE,WARWICK,RI,2886,4017394241,10,Kent,For profit - Corporation,153,141.7,Medicare and Medicaid,FALSE,660 COMMONWEALTH AVENUE OPERATIONS LLC,24475,FALSE,FALSE,FALSE,FALSE,Resident,Yes,4,,2,,5,,4,,5,,,,2.26998,0.16726,1.22388,1.39114,3.66112,0.08397,2.04003,0.74894,0.35653,3.1455,2.32161,0.16782,1.28745,3.7396,1/17/2018,0,None,None,12/2/2016,3,12/2/2016,3,3,0,16,1,0,16,10/26/2015,4,4,0,12,1,0,12,14.4,0,0,1,1170,0,1,"660 COMMONWEALTH AVENUE WARWICK, RI 02886 (41.701592, -71.479562)",10/1/2018
415039,HERITAGE HILLS NURSING & REHABILITATION CENTER,80 DOUGLAS PIKE,SMITHFIELD,RI,2917,4012312700,30,Providence,For profit - Corporation,100,88.2,Medicare and Medicaid,FALSE,80 DOUGLAS PIKE LLC,27119,FALSE,FALSE,FALSE,FALSE,Resident,Yes,5,,5,,4,,3,,4,,,,1.94028,0.51597,0.81666,1.33263,3.2729,0.04575,2.0652,0.70047,0.35156,3.11722,1.96022,0.55353,0.87122,3.37338,3/23/2018,3,Minimal Harm/Potential for Actual Harm,Few,2/20/2017,0,2/20/2017,0,0,0,0,0,0,0,3/24/2016,0,0,0,0,0,0,0,0,0,0,0,0,0,0,"80 DOUGLAS PIKE SMITHFIELD, RI 02917 (41.876882, -71.471058)",10/1/2018
415008,GREENWOOD CENTER,1139 MAIN AVENUE,WARWICK,RI,2886,4017396600,10,Kent,For profit - Corporation,130,111.1,Medicare and Medicaid,FALSE,HARBORSIDE RHODE ISLAND LIMITED PARTNERSHIP,24473,FALSE,FALSE,FALSE,FALSE,Resident,Yes,4,,3,,2,,4,,5,,,,1.98016,0.43775,0.99834,1.43609,3.41624,0.06919,1.8743,0.66048,0.30922,2.844,2.20426,0.49804,1.21088,3.85939,12/15/2017,1,Minimal Harm/Potential for Actual Harm,Few,12/9/2016,1,12/9/2016,1,1,0,8,1,0,8,12/3/2015,0,0,0,0,0,0,0,4.8,0,0,0,0,0,0,"1139 MAIN AVENUE WARWICK, RI 02886 (41.716299, -71.461307)",10/1/2018
415087,GREENVILLE SKILLED NURSING AND REHABILITATION,735 PUTNAM PIKE,GREENVILLE,RI,2828,4019491200,30,Providence,For profit - Corporation,131,110.6,Medicare and Medicaid,FALSE,735 PUTNAM PIKE OPERATIONS LLC,33147,FALSE,FALSE,FALSE,FALSE,Resident,Yes,5,,3,,5,,4,,4,,,,2.57548,0.45229,0.76398,1.21627,3.79174,0.04903,2.05777,0.71429,0.34035,3.11242,2.61134,0.47582,0.84185,3.91419,No Health Inspection since 11/28/2017,Not Applicable,Not Applicable,Not Applicable,9/22/2017,2,9/22/2017,2,2,0,8,1,0,8,10/3/2016,0,0,0,0,0,0,0,4.8,0,0,0,0,0,0,"735 PUTNAM PIKE GREENVILLE, RI 02828 (41.879607, -71.576368)",10/1/2018
415060,AVALON NURSING HOME,57 STOKES STREET,WARWICK,RI,2889,4017381200,10,Kent,For profit - Corporation,31,29.6,Medicare and Medicaid,FALSE,"AVALON NURSING HOME, INC.",29252,FALSE,FALSE,FALSE,FALSE,Both,Yes,3,,2,,3,,4,,5,,,,2.79693,0,0.99905,0.99905,3.79598,0.06525,2.0636,0.69053,0.30753,3.06166,2.82787,0,1.21837,3.98352,No Health Inspection since 11/28/2017,Not Applicable,Not Applicable,Not Applicable,10/13/2017,2,10/13/2017,2,2,0,28,1,0,28,12/15/2016,0,0,0,0,0,0,0,16.8,0,0,0,0,0,0,"57 STOKES STREET WARWICK, RI 02889 (41.719088, -71.375566)",10/1/2018
415099,PINE GROVE HEALTH CENTER,999 SOUTH MAIN STREET,PASCOAG,RI,2859,4015683091,30,Providence,For profit - Corporation,71,51.4,Medicare and Medicaid,FALSE,BURRILLVILLE NURSING HOME INC,33482,FALSE,FALSE,FALSE,FALSE,Resident,Yes,3,,2,,5,,3,,5,,,,2.00283,0.24113,0.86611,1.10724,3.11007,0.04005,1.82225,0.68624,0.32632,2.83481,2.29319,0.26405,0.99544,3.5249,8/20/2018,1,Minimal Harm/Potential for Actual Harm,Few,8/18/2017,0,8/18/2017,1,0,1,4,0,0,4,8/29/2016,1,1,0,16,1,0,16,8.8,19,1,0,0,0,0,"999 SOUTH MAIN STREET PASCOAG, RI 02859 (41.936623, -71.681005)",10/1/2018
415057,ELDERWOOD OF SCALLOP SHELL AT WAKEFIELD,55 SCALLOP SHELL WAY,SOUTH KINGSTOWN,RI,2883,4017893006,50,Washington,For profit - Partnership,80,73,Medicare and Medicaid,FALSE,981 KINGS TOWN ROAD OPERATING COMPANY LLC,28672,FALSE,FALSE,FALSE,FALSE,Resident,Yes,5,,5,,5,,4,,5,,,,2.39161,0.07592,1.33498,1.4109,3.80251,0.13618,2.11227,0.76144,0.36565,3.23936,2.36235,0.07492,1.36927,3.77148,7/23/2018,0,None,None,6/7/2017,0,6/7/2017,0,0,0,0,0,0,0,7/8/2016,0,0,0,0,0,0,0,0,0,0,0,0,0,0,"55 SCALLOP SHELL WAY SOUTH KINGSTOWN, RI 02883 (41.451253, -71.490744)",10/1/2018
415106,ST ANTOINE RESIDENCE,10 RHODES AVENUE,NORTH SMITHFIELD,RI,2896,4017673500,30,Providence,Non profit - Corporation,260,232.2,Medicare and Medicaid,FALSE,SAINT ANTOINE RESIDENCE,33604,FALSE,FALSE,FALSE,FALSE,Both,Yes,5,,5,,3,,4,,4,,,,3.06947,0.42645,0.68047,1.10692,4.17639,0.07995,2.15512,0.6897,0.30042,3.14525,2.97162,0.46463,0.8495,4.26624,No Health Inspection since 11/28/2017,Not Applicable,Not Applicable,Not Applicable,8/11/2017,0,8/11/2017,0,0,0,0,0,0,0,8/25/2016,1,1,0,0,1,0,0,0,0,0,0,0,0,0,"10 RHODES AVENUE NORTH SMITHFIELD, RI 02896 (42.004302, -71.539929)",10/1/2018
415123,CORTLAND PLACE,20 AUSTIN AVENUE,GREENVILLE,RI,2828,4019493880,30,Providence,For profit - Corporation,80,76.2,Medicare and Medicaid,FALSE,"CORTLAND PLACE HEALTH CENTER, INC.",35649,TRUE,FALSE,FALSE,FALSE,Resident,Yes,4,,2,,5,,4,,5,,,,2.69909,0.31883,0.91324,1.23208,3.93117,0.06443,2.16971,0.68434,0.33455,3.1886,2.59549,0.3501,1.02377,3.96115,1/9/2018,5,Actual Harm,Some,12/2/2016,2,12/2/2016,2,2,0,8,1,0,8,10/16/2015,4,4,0,24,1,0,24,14.4,0,1,1,9428,0,1,"20 AUSTIN AVENUE GREENVILLE, RI 02828 (41.876043, -71.555952)",10/1/2018
415110,OAKLAND GROVE HEALTH CARE CENTER,560 CUMBERLAND HILL ROAD,WOONSOCKET,RI,2895,4017690800,30,Providence,For profit - Partnership,172,153.5,Medicare and Medicaid,FALSE,OAKLAND GROVE ASSOCIATES,33547,FALSE,FALSE,FALSE,FALSE,Both,Yes,2,,1,,3,,4,,4,,,,2.28013,0.47501,0.67758,1.15259,3.43272,0.0509,1.96606,0.70307,0.34147,3.0106,2.41972,0.5077,0.7442,3.66341,No Health Inspection since 11/28/2017,Not Applicable,Not Applicable,Not Applicable,6/8/2017,1,6/8/2017,1,1,0,8,1,0,8,6/28/2016,3,1,2,44,1,0,44,22.4,9,3,1,2500,0,1,"560 CUMBERLAND HILL ROAD WOONSOCKET, RI 02895 (41.997813, -71.490509)",10/1/2018
415053,CHERRY HILL MANOR,2 CHERRY HILL ROAD,JOHNSTON,RI,2919,4012313102,30,Providence,For profit - Corporation,170,164.9,Medicare and Medicaid,FALSE,"LIFE CARE CENTERS OF AMERICA, INC.",28338,FALSE,FALSE,FALSE,FALSE,Resident,Yes,4,,3,,5,,3,,4,,,,2.14789,0.69042,0.79329,1.4837,3.6316,0.10135,2.2203,0.71659,0.35039,3.28728,2.01839,0.724,0.8491,3.54945,No Health Inspection since 11/28/2017,Not Applicable,Not Applicable,Not Applicable,11/6/2017,0,11/6/2017,2,0,2,12,0,0,12,11/16/2016,0,0,0,0,0,0,0,7.2,0,0,0,0,0,0,"2 CHERRY HILL ROAD JOHNSTON, RI 02919 (41.836815, -71.482069)",10/1/2018
415084,ELMHURST REHABILITATION & HEALTHCARE CENTER,50 MAUDE STREET,PROVIDENCE,RI,2908,4014562600,30,Providence,For profit - Partnership,206,185.5,Medicare and Medicaid,FALSE,ELMHURST OPERATOR LLC,32541,FALSE,FALSE,FALSE,FALSE,Both,Yes,2,,1,,3,,4,,4,,,,2.42593,0.46815,0.81093,1.27907,3.70501,0.13748,2.1468,0.77993,0.40986,3.33659,2.35771,0.45105,0.74204,3.56768,3/22/2018,8,Minimal Harm/Potential for Actual Harm,Some,1/27/2017,3,1/27/2017,6,3,3,24,2,12,36,2/23/2016,5,5,0,20,1,0,20,29.6,7,1,0,0,0,0,"50 MAUDE STREET PROVIDENCE, RI 02908 (41.837291, -71.43371)",10/1/2018
415080,BAYBERRY COMMONS,181 DAVIS DRIVE,PASCOAG,RI,2859,4015680600,30,Providence,For profit - Partnership,110,92.1,Medicare and Medicaid,FALSE,BURRILLVILLE HEALTH CENTER,31148,FALSE,FALSE,FALSE,FALSE,Both,Yes,4,,4,,4,,3,,5,,,,2.00735,0.15893,0.87688,1.03581,3.04316,0.04268,2.00093,0.67947,0.33015,3.01055,2.09311,0.17577,0.99611,3.24772,No Health Inspection since 11/28/2017,Not Applicable,Not Applicable,Not Applicable,9/18/2017,0,9/18/2017,0,0,0,0,0,0,0,10/12/2016,1,1,0,4,1,0,4,1.6,0,0,0,0,0,0,"181 DAVIS DRIVE PASCOAG, RI 02859 (41.936556, -71.683672)",10/1/2018
415059,ORCHARD VIEW MANOR,135 TRIPPS LANE,EAST PROVIDENCE,RI,2915,4014382250,30,Providence,For profit - Corporation,166,156.4,Medicare and Medicaid,FALSE,ATHENA ORCHARD VIEW LLC,28764,FALSE,FALSE,FALSE,FALSE,Resident,Yes,2,,1,,3,,4,,4,,,,2.39633,0.34445,0.58743,0.93188,3.32821,0.08696,1.93248,0.68406,0.31995,2.93649,2.58723,0.37839,0.68858,3.64151,6/14/2018,2,Minimal Harm/Potential for Actual Harm,Many,4/4/2017,13,4/4/2017,13,13,0,124,1,0,124,5/24/2016,5,5,0,20,1,0,20,82.4,3,0,1,29543,0,1,"135 TRIPPS LANE EAST PROVIDENCE, RI 02915 (41.790597, -71.35526)",10/1/2018
415119,BERKSHIRE PLACE,455 DOUGLAS AVENUE,PROVIDENCE,RI,2908,4015538600,30,Providence,For profit - Corporation,210,185.6,Medicare and Medicaid,FALSE,BERKSHIRE PLACE LTD.,34822,FALSE,FALSE,FALSE,FALSE,Both,Yes,5,,5,,2,,3,,3,,,,2.11832,0.44554,0.41866,0.8642,2.98252,0.02857,1.94444,0.67163,0.31654,2.9326,2.273,0.4985,0.49604,3.26761,4/2/2018,2,Minimal Harm/Potential for Actual Harm,Some,2/14/2017,0,2/14/2017,0,0,0,0,0,0,0,4/14/2016,0,0,0,0,0,0,0,0,3,0,0,0,0,0,"455 DOUGLAS AVENUE PROVIDENCE, RI 02908 (41.842437, -71.427587)",10/1/2018
415108,HARRIS HEALTH CARE CENTER NORTH,60 EBEN BROWN LANE,CENTRAL FALLS,RI,2863,4017226000,30,Providence,For profit - Corporation,32,28.9,Medicare and Medicaid,FALSE,"QUALITY GERONTOLOGICAL SERVICES, INC",33604,FALSE,FALSE,FALSE,FALSE,Resident,Yes,4,,2,,5,,4,,5,,,,2.25532,0,1.10222,1.10222,3.35754,0.13876,1.85972,0.63297,0.30102,2.7937,2.53025,0,1.37328,3.86137,3/6/2018,7,Minimal Harm/Potential for Actual Harm,Many,1/27/2017,5,1/27/2017,5,5,0,16,1,0,16,3/2/2016,1,1,0,0,0,0,0,9.6,0,0,0,0,0,0,"60 EBEN BROWN LANE CENTRAL FALLS, RI 02863 (41.895924, -71.390039)",10/1/2018
415126,WINGATE ON BLACKSTONE BOULEVARD,353 BLACKSTONE BOULEVARD,PROVIDENCE,RI,2906,4012736565,30,Providence,For profit - Individual,55,36.9,Medicare,FALSE,SRC PROVIDENCE LLC,35836,FALSE,FALSE,FALSE,FALSE,Resident,Yes,2,,1,,5,,1,Downgraded to 1 Star,1,Downgraded to 1 Star,Data Not Available,Data Not Available,,,,,,,,,,,,,,,2/27/2018,3,Minimal Harm/Potential for Actual Harm,Many,12/22/2016,3,12/22/2016,3,3,0,24,1,0,24,2/12/2016,5,5,0,32,1,0,32,27.2,0,1,0,0,0,0,"353 BLACKSTONE BOULEVARD PROVIDENCE, RI 02906 (41.847053, -71.386808)",10/1/2018
415120,APPLE REHAB CLIPPER,161 POST ROAD,WESTERLY,RI,2891,4013228081,50,Washington,For profit - Corporation,60,,Medicare and Medicaid,FALSE,THE CLIPPER HOME INC,35121,FALSE,FALSE,FALSE,FALSE,Resident,Yes,5,,5,,5,,1,Downgraded to 1 Star,1,Downgraded to 1 Star,Data Not Available,Data Not Available,,,,,,,,,,,,,,,7/31/2018,1,Minimal Harm/Potential for Actual Harm,Many,6/15/2017,1,6/15/2017,1,1,0,0,1,0,0,7/18/2016,0,0,0,0,0,0,0,0,0,0,0,0,0,0,"161 POST ROAD WESTERLY, RI 02891 (41.350772, -71.782365)",10/1/2018
415073,JEANNE JUGAN RESIDENCE,964 MAIN STREET,PAWTUCKET,RI,2860,4017234314,30,Providence,Non profit - Corporation,46,43.5,Medicare and Medicaid,FALSE,"JEANNE JUGAN RESIDENCE OF THE LITTLE SISTERS OF THE POOR, INC.",29221,FALSE,FALSE,FALSE,FALSE,Both,Yes,5,,5,,5,,5,,5,,,,2.93289,0.27528,1.12207,1.39735,4.33024,0.05207,1.98411,0.67021,0.30277,2.95709,3.08414,0.30865,1.3899,4.70487,2/15/2018,0,None,None,1/19/2017,0,1/19/2017,0,0,0,0,0,0,0,3/9/2016,0,0,0,0,0,0,0,0,0,0,0,0,0,0,"964 MAIN STREET PAWTUCKET, RI 02860 (41.865235, -71.399241)",10/1/2018
415067,WEST VIEW NURSING AND REHABILIATION CENTER,239 LEGRIS AVENUE,WEST WARWICK,RI,2893,4018289000,10,Kent,For profit - Corporation,120,114.1,Medicare and Medicaid,FALSE,239 LEGRIS AVENUE OPERATIONS LLC,29252,FALSE,FALSE,FALSE,TRUE,Resident,Yes,5,,5,,5,,4,,4,,,,2.49993,0.15446,0.78236,0.93682,3.43675,0.08776,2.04554,0.71095,0.3388,3.0953,2.54989,0.16326,0.86605,3.56735,7/31/2018,2,Minimal Harm/Potential for Actual Harm,Many,5/19/2017,0,5/19/2017,0,0,0,0,0,0,0,7/8/2016,0,0,0,0,0,0,0,0,0,0,0,0,0,0,"239 LEGRIS AVENUE WEST WARWICK, RI 02893 (41.696469, -71.506389)",10/1/2018
415098,HARRIS HEALTH CENTER LLC,833 BROADWAY,EAST PROVIDENCE,RI,2914,4014347404,30,Providence,For profit - Corporation,31,28.7,Medicare and Medicaid,FALSE,"HARRIS HEALTH CENTER, LLC",33420,FALSE,FALSE,FALSE,FALSE,Both,Yes,4,,2,,5,,4,,5,,,,2.33554,0.03244,1.05184,1.08428,3.41982,0.09791,1.84311,0.65254,0.3197,2.81535,2.64386,0.03736,1.23392,3.90275,No Health Inspection since 11/28/2017,Not Applicable,Not Applicable,Not Applicable,9/8/2017,1,9/8/2017,1,1,0,4,1,0,4,10/6/2016,5,5,0,24,1,0,24,12,0,0,0,0,0,0,"833 BROADWAY EAST PROVIDENCE, RI 02914 (41.818844, -71.368676)",10/1/2018
415072,ELMWOOD NURSING AND REHABILITATION CENTER,225 ELMWOOD AVENUE,PROVIDENCE,RI,2907,4012720600,30,Providence,For profit - Corporation,70,65.5,Medicare and Medicaid,FALSE,ELMWOOD HEALTH CENTER INC,29068,FALSE,FALSE,FALSE,FALSE,Resident,Yes,3,,2,,5,,3,,5,,,,2.05546,0.23922,0.78365,1.02286,3.07833,0.0301,1.99614,0.67718,0.30422,2.97755,2.14843,0.26545,0.96609,3.32167,12/22/2017,0,None,None,10/19/2016,2,10/19/2016,2,2,0,16,1,0,16,11/5/2015,2,2,0,4,1,0,4,11.2,0,0,0,0,0,0,"225 ELMWOOD AVENUE PROVIDENCE, RI 02907 (41.806706, -71.424929)",10/1/2018
415045,OVERLOOK NURSING AND REHABILITATION CENTER,14 ROCK AVENUE,PASCOAG,RI,2859,4015682549,30,Providence,For profit - Corporation,100,94.3,Medicare and Medicaid,FALSE,HARKEN INC,32578,FALSE,FALSE,FALSE,FALSE,Resident,Yes,5,,5,,5,,1,Downgraded to 1 Star,1,Downgraded to 1 Star,Data Not Available,Data Not Available,,,,,,,,,,,,,,,5/24/2018,2,Minimal Harm/Potential for Actual Harm,Many,3/24/2017,0,3/24/2017,0,0,0,0,0,0,0,5/10/2016,0,0,0,0,0,0,0,0,0,0,1,42114,0,1,"14 ROCK AVENUE PASCOAG, RI 02859 (41.955041, -71.706332)",10/1/2018
415097,MANSION NURSING AND REHAB CENTER,104 CLAY STREET,CENTRAL FALLS,RI,2863,4017220830,30,Providence,For profit - Corporation,62,51.4,Medicare and Medicaid,FALSE,"MANSION, INC",33331,FALSE,FALSE,FALSE,FALSE,Resident,Yes,4,,2,,5,,4,,5,,,,2.137,0.26978,0.7321,1.00188,3.13888,0.05747,1.61015,0.59401,0.26989,2.47404,2.76912,0.34128,1.01735,4.07631,No Health Inspection since 11/28/2017,Not Applicable,Not Applicable,Not Applicable,8/18/2017,2,8/18/2017,2,2,0,20,1,0,20,8/12/2016,2,2,0,8,1,0,8,15.2,0,0,0,0,0,0,"104 CLAY STREET CENTRAL FALLS, RI 02863 (41.883365, -71.389804)",10/1/2018
415051,SCANDINAVIAN HOME INC,1811 BROAD STREET,CRANSTON,RI,2905,4014611433,30,Providence,Non profit - Corporation,74,69.1,Medicare and Medicaid,FALSE,SCANDINAVIAN HOME INC,28307,FALSE,FALSE,FALSE,FALSE,Resident,Yes,4,,2,,5,,5,,5,,,,3.06196,0.16057,0.85984,1.02041,4.08237,0.08544,2.05503,0.67415,0.30459,3.03377,3.10874,0.17898,1.05872,4.32343,No Health Inspection since 11/28/2017,Not Applicable,Not Applicable,Not Applicable,9/15/2017,2,9/15/2017,2,2,0,12,1,0,12,9/2/2016,6,6,2,32,1,0,32,20,0,2,0,0,0,0,"1811 BROAD STREET CRANSTON, RI 02905 (41.776444, -71.399576)",10/1/2018
415050,SAINT ELIZABETH MANOR EAST BAY,1 DAWN HILL,BRISTOL,RI,2809,4012532300,0,Bristol,Non profit - Corporation,168,129.1,Medicare and Medicaid,FALSE,SAINT ELIZABETH MANOR EAST BAY,28177,FALSE,FALSE,FALSE,FALSE,Both,Yes,2,,1,,5,,3,,5,,,,1.919,0.07261,0.77874,0.85135,2.77035,0.07454,2.09013,0.70115,0.32072,3.112,1.9156,0.07782,0.91066,2.8602,7/16/2018,5,Immediate Jeopardy,Many,5/26/2017,4,5/26/2017,4,4,0,40,1,0,40,7/8/2016,0,0,0,0,0,0,0,24,3,0,1,13627,0,1,"1 DAWN HILL BRISTOL, RI 02809 (41.689081, -71.264478)",10/1/2018
415085,MOUNT ST RITA HEALTH CENTRE,15 SUMNER BROWN ROAD,CUMBERLAND,RI,2864,4013336352,30,Providence,Non profit - Church related,98,91.2,Medicare and Medicaid,FALSE,MOUNT ST. RITA HEALTH CENTRE,32919,FALSE,FALSE,FALSE,FALSE,Both,Yes,2,,1,,5,,3,,5,,,,1.79286,0.5759,0.83556,1.41146,3.20432,0.08368,1.95218,0.7056,0.34641,3.00418,1.91615,0.61332,0.90463,3.42696,No Health Inspection since 11/28/2017,Not Applicable,Not Applicable,Not Applicable,10/6/2017,9,10/6/2017,9,9,0,44,1,0,44,10/21/2016,7,7,0,28,1,0,28,37.6,0,0,0,0,0,0,"15 SUMNER BROWN ROAD CUMBERLAND, RI 02864 (42.014587, -71.411384)",10/1/2018
415064,PAWTUCKET SKILLED NURSING & REHABILITATION,70 GILL AVENUE,PAWTUCKET,RI,2861,4017227900,30,Providence,For profit - Corporation,154,122.6,Medicare and Medicaid,FALSE,70 GILL AVENUE OPERATIONS LLC,29190,FALSE,FALSE,FALSE,FALSE,Both,Yes,2,,1,,5,,4,,4,,,,2.75754,0.55463,0.58131,1.13594,3.89348,0.04762,2.0544,0.73831,0.36968,3.16239,2.80053,0.5645,0.58975,3.9557,No Health Inspection since 11/28/2017,Not Applicable,Not Applicable,Not Applicable,10/27/2017,0,10/27/2017,2,0,2,24,0,0,24,11/16/2016,4,4,0,32,1,0,32,27.2,0,3,1,7803,0,1,"70 GILL AVENUE PAWTUCKET, RI 02861 (41.862783, -71.352044)",10/1/2018
415068,WARREN SKILLED NURSING AND REHABILITATION,642 METACOM AVENUE,WARREN,RI,2885,4012452860,0,Bristol,For profit - Corporation,63,39.5,Medicare and Medicaid,FALSE,642 METACOM AVENUE OPERATIONS LLC,28779,FALSE,FALSE,FALSE,FALSE,Resident,Yes,3,,2,,4,,4,,5,,,,2.00425,0.69151,0.99961,1.69112,3.69537,0.16004,1.948,0.69055,0.34896,2.98751,2.14667,0.75249,1.07434,3.97419,No Health Inspection since 11/28/2017,Not Applicable,Not Applicable,Not Applicable,10/26/2017,3,10/26/2017,3,3,0,16,1,0,16,1/6/2017,3,2,1,16,1,0,16,16,1,0,0,0,0,0,"642 METACOM AVENUE WARREN, RI 02885 (41.715811, -71.26814)",10/1/2018
415091,STEERE HOUSE NURSING AND REHABILITATION CTR,100 BORDEN STREET,PROVIDENCE,RI,2903,4014547970,30,Providence,Non profit - Corporation,120,112.7,Medicare and Medicaid,FALSE,STEERE HOUSE,33359,FALSE,FALSE,FALSE,FALSE,Resident,Yes,5,,5,,5,,5,,5,,,,3.05939,0.44875,0.88793,1.33668,4.39607,0.05172,2.08365,0.64338,0.28084,3.00787,3.06347,0.52412,1.18579,4.69576,No Health Inspection since 11/28/2017,Not Applicable,Not Applicable,Not Applicable,11/24/2017,0,11/24/2017,0,0,0,0,0,0,0,12/9/2016,0,0,0,0,0,0,0,0,0,0,0,0,0,0,"100 BORDEN STREET PROVIDENCE, RI 02903 (41.813327, -71.411652)",10/1/2018
415104,ROBERTS HEALTH CENTRE INC,25 ROBERTS WAY,NORTH KINGSTOWN,RI,2852,4012943587,50,Washington,For profit - Corporation,66,62.2,Medicare and Medicaid,FALSE,"ROBERTS HEALTH CENTRE, INC.",33604,FALSE,FALSE,FALSE,FALSE,Resident,Yes,3,,2,,3,,5,,5,,,,2.52969,0.16553,1.1244,1.28994,3.81962,0.05293,1.82933,0.63279,0.28522,2.74734,2.88521,0.19657,1.47849,4.46692,6/11/2018,1,Minimal Harm/Potential for Actual Harm,Few,6/15/2017,1,6/15/2017,1,1,0,16,1,0,16,6/20/2016,2,2,0,12,1,0,12,14.4,0,0,0,0,0,0,"25 ROBERTS WAY NORTH KINGSTOWN, RI 02852 (41.579963, -71.493345)",10/1/2018
415061,BRENTWOOD NURSING HOME,4000 POST ROAD,WARWICK,RI,2886,4018848000,10,Kent,For profit - Corporation,96,91.5,Medicare and Medicaid,FALSE,"BRENTWOOD HEALTH CENTER, LTD",29037,FALSE,FALSE,FALSE,FALSE,Resident,Yes,5,,5,,4,,4,,5,,,,2.19977,0.43389,0.90682,1.34072,3.54048,0.06713,2.03299,0.70684,0.3424,3.08223,2.25758,0.46128,0.99328,3.6906,5/15/2018,4,Minimal Harm/Potential for Actual Harm,Many,3/16/2017,0,3/16/2017,0,0,0,0,0,0,0,4/28/2016,0,0,0,0,0,0,0,0,0,0,0,0,0,0,"4000 POST ROAD WARWICK, RI 02886 (41.682399, -71.450804)",10/1/2018
415090,LINN HEALTH CARE CENTER,30 ALEXANDER AVENUE,EAST PROVIDENCE,RI,2914,4014387210,30,Providence,Non profit - Corporation,84,70.8,Medicare and Medicaid,FALSE,UNITED METHODIST HEALTH CARE CENTER,33359,FALSE,FALSE,FALSE,FALSE,Resident,Yes,5,,3,,5,,4,,5,,,,2.65217,0.16994,0.81284,0.98278,3.63494,0.07248,1.99316,0.71377,0.34503,3.05196,2.77626,0.17891,0.88355,3.82665,12/7/2017,1,Minimal Harm/Potential for Actual Harm,Few,11/23/2016,2,11/23/2016,2,2,0,8,1,0,8,11/13/2015,1,1,0,4,1,0,4,6.4,0,0,0,0,0,0,"30 ALEXANDER AVENUE EAST PROVIDENCE, RI 02914 (41.822001, -71.364964)",10/1/2018
415107,KINGSTON CENTER FOR REHABILITATION AND HEALTH CARE,415 GARDNER ROAD,WEST KINGSTON,RI,2892,4012958520,50,Washington,For profit - Corporation,55,39.7,Medicare and Medicaid,FALSE,SHADY ACRES OPERATIONS ASSOC LLC,33604,FALSE,FALSE,FALSE,FALSE,Resident,Yes,2,,1,,4,,4,,5,,,,1.98975,0.3565,1.12191,1.47841,3.46816,0.33948,1.94421,0.70999,0.36481,3.01901,2.13529,0.37732,1.15338,3.69092,7/31/2018,8,Minimal Harm/Potential for Actual Harm,Many,6/22/2017,4,6/22/2017,5,4,1,52,1,0,52,7/14/2016,4,4,1,24,1,0,24,40.8,2,2,0,0,0,0,"415 GARDNER ROAD WEST KINGSTON, RI 02892 (41.547003, -71.61733)",10/1/2018
415042,WATERVIEW VILLA REHABILITATION AND HEALTH CARE CEN,1275 SOUTH BROADWAY,EAST PROVIDENCE,RI,2914,4014387020,30,Providence,For profit - Corporation,132,124.6,Medicare and Medicaid,FALSE,"WATERVIEW RI SNF, LLC",27851,FALSE,FALSE,FALSE,FALSE,Both,Yes,5,,5,,5,,3,,4,,,,2.41012,0.38834,0.6287,1.01704,3.42715,0.09391,2.15152,0.74861,0.37494,3.27508,2.3372,0.38981,0.62887,3.36211,No Health Inspection since 11/28/2017,Not Applicable,Not Applicable,Not Applicable,6/22/2017,0,6/22/2017,0,0,0,0,0,0,0,7/14/2016,0,0,0,0,0,0,0,0,2,0,0,0,0,0,"1275 SOUTH BROADWAY EAST PROVIDENCE, RI 02914 (41.806739, -71.372727)",10/1/2018
415083,EASTGATE NURSING & REHABILITATION CENTER,198 WATERMAN AVENUE,EAST PROVIDENCE,RI,2914,4014312087,30,Providence,For profit - Corporation,68,61.1,Medicare and Medicaid,FALSE,198 WATERMAN AVENUE LLC,32388,FALSE,FALSE,FALSE,FALSE,Resident,Yes,5,,3,,5,,4,,5,,,,2.33293,0.32209,0.78226,1.10435,3.43728,0.11745,1.92629,0.65827,0.30431,2.88887,2.52687,0.36768,0.96409,3.82285,4/24/2018,4,Minimal Harm/Potential for Actual Harm,Some,3/2/2017,0,3/2/2017,0,0,0,0,0,0,0,4/15/2016,1,1,0,8,1,0,8,3.2,0,0,0,0,0,0,"198 WATERMAN AVENUE EAST PROVIDENCE, RI 02914 (41.822023, -71.371287)",10/1/2018
415054,SOUTH KINGSTOWN NURSING AND REHAB CTR,"2115 SOUTH COUNTY TRAIL, PO BOX 307",WEST KINGSTON,RI,2892,4017838568,50,Washington,For profit - Corporation,112,89,Medicare and Medicaid,FALSE,ALLENS HEALTH CENTRE INC,28491,FALSE,FALSE,FALSE,FALSE,Resident,Yes,3,,3,,3,,3,,4,,,,1.90113,0.54595,0.67176,1.21772,3.11885,0.06469,2.0081,0.65217,0.2946,2.95487,1.97528,0.62907,0.85519,3.39122,No Health Inspection since 11/28/2017,Not Applicable,Not Applicable,Not Applicable,9/8/2017,1,9/8/2017,1,1,0,0,1,0,0,8/15/2016,3,3,1,16,1,0,16,6.4,2,0,0,0,0,0,"2115 SOUTH COUNTY TRAIL WEST KINGSTON, RI 02892 (41.50255, -71.561723)",10/1/2018
415111,ST CLARE HOME,309 SPRING STREET,NEWPORT,RI,2840,4018493204,20,Newport,Non profit - Corporation,60,53,Medicare and Medicaid,FALSE,"ST. CLARE HOME, INC.",33604,FALSE,FALSE,FALSE,FALSE,Resident,Yes,2,,1,,4,,5,,5,,,,4.58664,0.35508,1.13811,1.49319,6.07983,0,1.95227,0.61306,0.26686,2.83219,4.90181,0.43524,1.59947,6.89713,5/7/2018,4,Minimal Harm/Potential for Actual Harm,Many,3/17/2017,5,3/17/2017,5,5,0,44,1,0,44,5/4/2016,0,0,0,0,0,0,0,26.4,0,0,0,0,0,0,"309 SPRING STREET NEWPORT, RI 02840 (41.482541, -71.312714)",10/1/2018
415094,BALLOU HOME FOR THE AGED,60 MENDON ROAD,WOONSOCKET,RI,2895,4017690437,30,Providence,Non profit - Corporation,43,42.7,Medicare and Medicaid,FALSE,BALLOU HOME FOR THE AGED OF WOONSOCKET RHODE ISLAND,33359,FALSE,FALSE,FALSE,FALSE,Resident,Yes,2,,1,,5,,5,,5,,,,3.16277,0.17787,1.29654,1.47442,4.63718,0.07931,2.02858,0.61812,0.25874,2.90544,3.25295,0.21624,1.87931,5.12793,No Health Inspection since 11/28/2017,Not Applicable,Not Applicable,Not Applicable,11/10/2017,4,11/10/2017,4,4,1,24,1,0,24,12/1/2016,3,3,0,16,1,0,16,20.8,0,0,0,0,0,0,"60 MENDON ROAD WOONSOCKET, RI 02895 (42.016783, -71.482943)",10/1/2018
415076,JOHN CLARKE RETIREMENT CENTER THE,600 VALLEY ROAD,MIDDLETOWN,RI,2842,4018460743,20,Newport,Non profit - Corporation,60,55.3,Medicare and Medicaid,FALSE,JOHN CLARKE RETIREMENT CENTER,30225,FALSE,FALSE,FALSE,FALSE,Resident,Yes,5,,3,,5,,4,,5,,,,2.73598,0,1.22728,1.22728,3.96326,0.12691,2.01451,0.69134,0.31687,3.02272,2.83365,0,1.45261,4.21265,8/31/2018,0,None,None,8/18/2017,0,8/18/2017,0,0,0,0,0,0,0,8/19/2016,2,2,0,8,1,0,8,3.2,0,0,0,0,0,0,"600 VALLEY ROAD MIDDLETOWN, RI 02842 (41.50408, -71.289022)",10/1/2018
415070,"CRESTWOOD NURSING & REHABILIATION CENTER, INC",568 CHILD STREET,WARREN,RI,2885,4012451574,0,Bristol,For profit - Corporation,76,62.4,Medicare and Medicaid,FALSE,CRESTWOOD NURSING AND CONVALESCENT HOME INC,29281,FALSE,FALSE,FALSE,FALSE,Resident,Yes,5,,5,,5,,3,,5,,,,2.36098,0.03642,0.88458,0.921,3.28198,0.10589,2.1887,0.66084,0.29445,3.144,2.25065,0.04141,1.12668,3.35393,1/18/2018,0,None,None,2/3/2017,0,2/3/2017,0,0,0,0,0,0,0,3/17/2016,0,0,0,0,0,0,0,0,0,0,0,0,0,0,"568 CHILD STREET WARREN, RI 02885 (41.731939, -71.255126)",10/1/2018
415056,EVERGREEN HOUSE HEALTH CENTER,1 EVERGREEN DRIVE,EAST PROVIDENCE,RI,2914,4014383250,30,Providence,For profit - Corporation,160,146.7,Medicare and Medicaid,FALSE,"LIFE CARE CENTERS OF AMERICA, INC.",29037,FALSE,FALSE,FALSE,FALSE,Both,Yes,4,,3,,3,,4,,4,,,,2.04476,0.69195,0.77354,1.46549,3.51026,0.06124,2.06988,0.71297,0.33201,3.11486,2.06111,0.7293,0.87381,3.62076,6/26/2018,1,Potential for Minimal Harm,Some,4/14/2017,2,4/14/2017,2,2,2,8,1,0,8,6/10/2016,0,0,0,0,0,0,0,4.8,0,0,0,0,0,0,"1 EVERGREEN DRIVE EAST PROVIDENCE, RI 02914 (41.807101, -71.34483)",10/1/2018
415078,COVENTRY SKILLED NURSING AND REHABILITATION,10 WOODLAND DRIVE,COVENTRY,RI,2816,4018262000,10,Kent,For profit - Corporation,210,167.8,Medicare and Medicaid,FALSE,10 WOODLAND DRIVE OPERATIONS LLC,30355,FALSE,FALSE,FALSE,FALSE,Both,Yes,4,,3,,4,,4,,4,,,,2.06734,0.78023,0.91628,1.6965,3.76384,0.10454,2.00762,0.74597,0.43945,3.19304,2.14849,0.78597,0.78198,3.78727,1/9/2018,1,Minimal Harm/Potential for Actual Harm,Some,12/16/2016,1,12/16/2016,1,1,0,8,1,0,8,1/11/2016,3,3,0,4,1,0,4,6.4,1,2,1,53567,0,1,"10 WOODLAND DRIVE COVENTRY, RI 02816 (41.67249, -71.593272)",10/1/2018
415071,SOUTH COUNTY NURSING AND REHABILITATION CENTER,740 OAK HILL ROAD,NORTH KINGSTOWN,RI,2852,4012944545,50,Washington,For profit - Corporation,120,101.8,Medicare and Medicaid,FALSE,740 OAK HILL ROAD OPERATIONS LLC,28976,FALSE,FALSE,FALSE,FALSE,Resident,Yes,3,,3,,3,,3,,5,,,,2.05875,0.30858,0.85081,1.15939,3.21814,0.10757,1.93838,0.71799,0.35636,3.01272,2.21599,0.32296,0.89542,3.43199,No Health Inspection since 11/28/2017,Not Applicable,Not Applicable,Not Applicable,11/17/2017,1,11/17/2017,2,1,1,12,1,0,12,12/20/2016,1,1,0,0,1,0,0,7.2,0,1,0,0,0,0,"740 OAK HILL ROAD NORTH KINGSTOWN, RI 02852 (41.560762, -71.488019)",10/1/2018
415063,SCALABRINI VILLA,860 NORTH QUIDESSET ROAD,NORTH KINGSTOWN,RI,2852,4018841802,50,Washington,Non profit - Corporation,120,97.2,Medicare and Medicaid,FALSE,"SCALABRINI VILLA, INC.",28915,FALSE,FALSE,FALSE,FALSE,Resident,Yes,5,,4,,5,,4,,5,,,,2.41534,0.24977,0.90365,1.15342,3.56876,0.03868,2.09565,0.66046,0.30524,3.06135,2.40471,0.28419,1.11028,3.74545,4/12/2018,3,Minimal Harm/Potential for Actual Harm,Many,2/13/2017,0,2/13/2017,0,0,0,0,0,0,0,3/31/2016,1,1,0,4,1,0,4,1.6,0,0,0,0,0,0,"860 NORTH QUIDESSET ROAD NORTH KINGSTOWN, RI 02852 (41.639968, -71.42324)",10/1/2018
415096,BETHANY HOME OF RHODE ISLAND,111 SOUTH ANGELL STREET,PROVIDENCE,RI,2906,4018312870,30,Providence,Non profit - Corporation,33,26.9,Medicare and Medicaid,FALSE,BETHANY HOME OF RHODE ISLAND,33379,FALSE,FALSE,FALSE,FALSE,Resident,Yes,4,,3,,2,,5,,5,,,,3.26758,0.02944,1.46433,1.49377,4.76135,0.10991,2.13158,0.81722,0.41643,3.36522,3.19836,0.02707,1.31881,4.54586,6/1/2018,0,None,None,3/16/2017,1,3/16/2017,1,1,0,4,1,0,4,5/5/2016,2,2,0,8,1,0,8,5.6,0,0,0,0,0,0,"111 SOUTH ANGELL STREET PROVIDENCE, RI 02906 (41.829129, -71.383212)",10/1/2018
415113,TOCKWOTTON ON THE WATERFRONT,500 WATERFRONT DRIVE,EAST PROVIDENCE,RI,2914,4012725280,30,Providence,Non profit - Corporation,52,48,Medicare and Medicaid,FALSE,TOCKWOTTON HOME,33604,FALSE,FALSE,FALSE,FALSE,Resident,Yes,2,,1,,5,,5,,5,,,,3.24967,0.51692,1.17858,1.69551,4.94518,0.08241,2.07674,0.70139,0.3324,3.11053,3.26483,0.55381,1.3298,5.10797,1/12/2018,1,Minimal Harm/Potential for Actual Harm,Some,11/23/2016,7,11/23/2016,7,7,1,52,1,0,52,12/16/2015,1,1,0,0,1,0,0,31.2,0,0,0,0,0,0,"500 WATERFRONT DRIVE EAST PROVIDENCE, RI 02914 (41.815275, -71.389054)",10/1/2018
415079,TRINITY HEALTH AND REHABILITATION CENTER,4 ST JOSEPH STREET,WOONSOCKET,RI,2895,4017655844,30,Providence,For profit - Partnership,185,176.6,Medicare and Medicaid,FALSE,"ASLC OPCO RI I, LLC",31126,FALSE,FALSE,FALSE,FALSE,Both,Yes,2,,1,,3,,4,,4,,,,2.19872,0.55712,0.50027,1.0574,3.25612,0,1.76642,0.65605,0.29291,2.71537,2.59705,0.63814,0.64056,3.85275,4/30/2018,12,Minimal Harm/Potential for Actual Harm,Many,3/1/2017,3,3/1/2017,6,3,3,40,1,0,40,5/13/2016,13,13,0,80,1,0,80,56,6,1,1,1063,0,1,"4 ST JOSEPH STREET WOONSOCKET, RI 02895 (41.996882, -71.505102)",10/1/2018
415062,MORGAN HEALTH CENTER,80 MORGAN AVENUE,JOHNSTON,RI,2919,4019447800,30,Providence,For profit - Corporation,120,111.1,Medicare and Medicaid,FALSE,RYAN HEALTH CENTER INC,29007,FALSE,FALSE,FALSE,FALSE,Both,Yes,5,,5,,4,,3,,4,,,,2.25264,0.21678,0.74906,0.96584,3.21848,0.05928,1.98197,0.70032,0.32885,3.01114,2.37137,0.23261,0.85428,3.43416,5/22/2018,4,Minimal Harm/Potential for Actual Harm,Many,3/28/2017,0,3/28/2017,0,0,0,0,0,0,0,5/19/2016,0,0,0,0,0,0,0,0,0,0,0,0,0,0,"80 MORGAN AVENUE JOHNSTON, RI 02919 (41.802319, -71.474736)",10/1/2018
415086,BROOKDALE SMITHFIELD,171 PLEASANT VIEW AVENUE,SMITHFIELD,RI,2917,4012325577,30,Providence,For profit - Corporation,60,50.7,Medicare and Medicaid,FALSE,SENIOR LIFESTYLE NORTH BAY LIMITED PARTNERSHIP,32833,TRUE,FALSE,FALSE,FALSE,Resident,Yes,4,,2,,5,,5,,5,,,,2.97254,0.73158,1.4231,2.15468,5.12722,0.09638,2.35295,0.66802,0.33305,3.35401,2.63583,0.82296,1.60255,4.91153,4/9/2018,2,Minimal Harm/Potential for Actual Harm,Many,1/20/2017,3,1/20/2017,3,3,0,8,1,0,8,7/21/2016,4,4,0,24,1,0,24,14.4,1,0,0,0,0,0,"171 PLEASANT VIEW AVENUE SMITHFIELD, RI 02917 (41.893242, -71.541858)",10/1/2018
415081,WESTERLY HEALTH CENTER,280 HIGH STREET,WESTERLY,RI,2891,4013480020,50,Washington,For profit - Partnership,106,96.3,Medicare and Medicaid,FALSE,WESTERLY HEALTH CENTER ASSOCIATES,31254,FALSE,FALSE,FALSE,FALSE,Resident,Yes,4,,4,,3,,3,,5,,,,1.55622,0.34047,1.05416,1.39464,2.95086,0.06214,2.04787,0.67865,0.31749,3.04401,1.58551,0.377,1.24528,3.1146,3/8/2018,1,Minimal Harm/Potential for Actual Harm,Few,1/20/2017,0,1/20/2017,0,0,0,0,0,0,0,2/29/2016,1,1,0,4,1,0,4,1.6,11,0,0,0,0,0,"280 HIGH STREET WESTERLY, RI 02891 (41.395666, -71.821379)",10/1/2018
415089,ALPINE NURSING HOME INC,557 WEAVER HILL ROAD,COVENTRY,RI,2816,4013975001,10,Kent,For profit - Corporation,60,57.3,Medicare and Medicaid,FALSE,ALPINE NURSING HOME INC,33218,FALSE,FALSE,FALSE,FALSE,Resident,Yes,5,,5,,5,,4,,5,,,,2.55131,0,1.17538,1.17538,3.7267,0.3155,2.06847,0.69098,0.30546,3.06491,2.57346,0,1.44313,3.90667,6/4/2018,1,Minimal Harm/Potential for Actual Harm,Few,3/8/2017,1,3/8/2017,1,1,0,0,1,0,0,4/28/2016,1,1,0,0,1,0,0,0,6,0,0,0,0,0,"557 WEAVER HILL ROAD COVENTRY, RI 02816 (41.666068, -71.666421)",10/1/2018
415082,RIVERVIEW HEALTHCARE COMMUNITY,546 MAIN STREET,COVENTRY,RI,2816,4018216837,10,Kent,For profit - Corporation,190,169.5,Medicare and Medicaid,FALSE,RIVERVIEW NURSING HOME. INC.,31478,FALSE,FALSE,FALSE,FALSE,Resident,Yes,5,,5,,3,,4,,5,,,,2.06996,0.46874,0.77767,1.24642,3.31638,0.05268,1.9653,0.67073,0.30426,2.94029,2.19754,0.52516,0.95861,3.62389,No Health Inspection since 11/28/2017,Not Applicable,Not Applicable,Not Applicable,7/11/2017,0,7/11/2017,0,0,0,0,0,0,0,7/29/2016,0,0,0,0,0,0,0,0,0,0,0,0,0,0,"546 MAIN STREET COVENTRY, RI 02816 (41.727299, -71.540143)",10/1/2018
