result.event,result.eventCode,result.eventTypeId,result.description,about.eventIdx,about.eventId,about.period,about.periodType,about.ordinalNum,about.periodTime,about.periodTimeRemaining,about.dateTime,about.goals.away,about.goals.home,data.timeout_id,game_id,game_type,home_team,away_team,away_final_score,home_final_score,timeout_team,timeout_against,score_diff,end_score_diff,before_timeout,end_result,game_seconds
Stoppage,WPG244,STOP,Home Timeout,170,244,2,REGULAR,2nd,14:31,05:29,2021-01-15T02:36:41Z,3,2,1,2020020012,R,Winnipeg Jets,Calgary Flames,3,4,Winnipeg Jets,Calgary Flames,-1.0,1.0,losing,winning,2071
Stoppage,ARI549,STOP,Home Timeout,304,549,3,REGULAR,3rd,17:56,02:04,2021-01-15T04:30:43Z,3,2,1,2020020014,R,Arizona Coyotes,San Jose Sharks,3,3,Arizona Coyotes,San Jose Sharks,-1.0,0.0,losing,tied,3476
Stoppage,ARI809,STOP,Visitor Timeout,329,809,4,OVERTIME,OT,03:13,01:47,2021-01-15T04:42:40Z,3,3,2,2020020014,R,Arizona Coyotes,San Jose Sharks,3,3,San Jose Sharks,Arizona Coyotes,0.0,0.0,tied,tied,3793
Stoppage,OTT372,STOP,Home Timeout,148,372,2,REGULAR,2nd,09:49,10:11,2021-01-17T01:24:36Z,2,1,1,2020020027,R,Ottawa Senators,Toronto Maple Leafs,3,2,Ottawa Senators,Toronto Maple Leafs,-1.0,-1.0,losing,losing,1789
Stoppage,OTT679,STOP,Visitor Timeout,269,679,3,REGULAR,3rd,11:44,08:16,2021-01-17T02:22:42Z,3,2,2,2020020027,R,Ottawa Senators,Toronto Maple Leafs,3,2,Toronto Maple Leafs,Ottawa Senators,1.0,1.0,winning,winning,3104
Stoppage,ARI592,STOP,Visitor Timeout,283,592,3,REGULAR,3rd,19:00,01:00,2021-01-16T23:27:05Z,2,5,1,2020020030,R,Arizona Coyotes,San Jose Sharks,3,5,San Jose Sharks,Arizona Coyotes,-3.0,-2.0,losing,losing,3540
Stoppage,DET451,STOP,Home Timeout,216,451,3,REGULAR,3rd,06:26,13:34,2021-01-18T19:13:16Z,3,1,1,2020020038,R,Detroit Red Wings,Columbus Blue Jackets,3,2,Detroit Red Wings,Columbus Blue Jackets,-2.0,-1.0,losing,losing,2786
Stoppage,CGY759,STOP,Visitor Timeout,250,759,3,REGULAR,3rd,16:56,03:04,2021-01-19T04:24:10Z,2,4,1,2020020042,R,Calgary Flames,Vancouver Canucks,2,5,Vancouver Canucks,Calgary Flames,-2.0,-3.0,losing,losing,3416
Stoppage,VGK1103,STOP,Visitor Timeout,328,1103,3,REGULAR,3rd,18:47,01:13,2021-01-19T05:49:38Z,2,3,1,2020020044,R,Vegas Golden Knights,Arizona Coyotes,2,4,Arizona Coyotes,Vegas Golden Knights,-1.0,-2.0,losing,losing,3527
Stoppage,ANA567,STOP,Visitor Timeout,302,567,3,REGULAR,3rd,19:55,00:05,2021-01-19T04:38:58Z,0,1,1,2020020045,R,Anaheim Ducks,Minnesota Wild,0,1,Minnesota Wild,Anaheim Ducks,-1.0,-1.0,losing,losing,3595
Stoppage,PIT445,STOP,Visitor Timeout,179,445,2,REGULAR,2nd,14:34,05:26,2021-01-20T01:33:03Z,4,2,1,2020020050,R,Pittsburgh Penguins,Washington Capitals,4,5,Washington Capitals,Pittsburgh Penguins,2.0,-1.0,winning,losing,2074
Stoppage,STL586,STOP,Visitor Timeout,198,586,3,REGULAR,3rd,10:19,09:41,2021-01-21T04:10:13Z,1,1,1,2020020055,R,St. Louis Blues,San Jose Sharks,1,1,San Jose Sharks,St. Louis Blues,0.0,0.0,tied,tied,3019
Stoppage,STL808,STOP,Home Timeout,241,808,4,OVERTIME,OT,04:55,00:05,2021-01-21T04:38:10Z,1,1,2,2020020055,R,St. Louis Blues,San Jose Sharks,1,1,St. Louis Blues,San Jose Sharks,0.0,0.0,tied,tied,3895
Stoppage,TOR570,STOP,Home Timeout,256,570,3,REGULAR,3rd,18:54,01:06,2021-01-21T02:30:25Z,3,1,1,2020020056,R,Toronto Maple Leafs,Edmonton Oilers,3,1,Toronto Maple Leafs,Edmonton Oilers,-2.0,-2.0,losing,losing,3534
Stoppage,ANA613,STOP,Home Timeout,325,613,3,REGULAR,3rd,18:31,01:29,2021-01-21T05:14:55Z,3,2,1,2020020059,R,Anaheim Ducks,Minnesota Wild,3,2,Anaheim Ducks,Minnesota Wild,-1.0,-1.0,losing,losing,3511
Stoppage,BOS810,STOP,Visitor Timeout,299,810,3,REGULAR,3rd,19:39,00:21,2021-01-22T02:40:11Z,4,4,1,2020020060,R,Boston Bruins,Philadelphia Flyers,4,4,Philadelphia Flyers,Boston Bruins,0.0,0.0,tied,tied,3579
Stoppage,OTT327,STOP,Home Timeout,161,327,2,REGULAR,2nd,07:05,12:55,2021-01-22T01:10:56Z,3,0,1,2020020064,R,Ottawa Senators,Winnipeg Jets,4,1,Ottawa Senators,Winnipeg Jets,-3.0,-3.0,losing,losing,1625
Stoppage,PIT362,STOP,Home Timeout,125,362,2,REGULAR,2nd,05:42,14:18,2021-01-23T01:09:37Z,3,1,1,2020020068,R,Pittsburgh Penguins,New York Rangers,3,3,Pittsburgh Penguins,New York Rangers,-2.0,0.0,losing,tied,1542
Stoppage,NJD718,STOP,Visitor Timeout,272,718,3,REGULAR,3rd,19:34,00:26,2021-01-25T02:31:42Z,0,2,1,2020020081,R,New Jersey Devils,New York Islanders,0,2,New York Islanders,New Jersey Devils,-2.0,-2.0,losing,losing,3574
Stoppage,PIT695,STOP,Visitor Timeout,306,695,3,REGULAR,3rd,18:29,01:31,2021-01-25T02:30:26Z,2,3,1,2020020083,R,Pittsburgh Penguins,New York Rangers,2,3,New York Rangers,Pittsburgh Penguins,-1.0,-1.0,losing,losing,3509
Stoppage,STL457,STOP,Home Timeout,162,457,2,REGULAR,2nd,08:22,11:38,2021-01-25T02:16:55Z,4,1,1,2020020085,R,St. Louis Blues,Los Angeles Kings,6,3,St. Louis Blues,Los Angeles Kings,-3.0,-3.0,losing,losing,1702
Stoppage,WPG617,STOP,Visitor Timeout,295,617,3,REGULAR,3rd,17:57,02:03,2021-01-25T04:31:49Z,3,3,1,2020020086,R,Winnipeg Jets,Edmonton Oilers,4,3,Edmonton Oilers,Winnipeg Jets,0.0,1.0,tied,winning,3477
Stoppage,CGY756,STOP,Home Timeout,264,756,3,REGULAR,3rd,19:22,00:38,2021-01-24T23:28:35Z,3,2,1,2020020087,R,Calgary Flames,Toronto Maple Leafs,3,2,Calgary Flames,Toronto Maple Leafs,-1.0,-1.0,losing,losing,3562
Stoppage,MIN638,STOP,Home Timeout,304,638,3,REGULAR,3rd,18:31,01:29,2021-01-25T03:38:18Z,4,3,1,2020020088,R,Minnesota Wild,San Jose Sharks,5,3,Minnesota Wild,San Jose Sharks,-1.0,-2.0,losing,losing,3511
Stoppage,BUF638,STOP,Visitor Timeout,255,638,3,REGULAR,3rd,18:23,01:37,2021-01-27T02:27:45Z,2,3,1,2020020094,R,Buffalo Sabres,New York Rangers,2,3,New York Rangers,Buffalo Sabres,-1.0,-1.0,losing,losing,3503
Stoppage,NJD619,STOP,Home Timeout,266,619,3,REGULAR,3rd,18:52,01:08,2021-01-27T02:28:42Z,5,2,1,2020020095,R,New Jersey Devils,Philadelphia Flyers,5,3,New Jersey Devils,Philadelphia Flyers,-3.0,-2.0,losing,losing,3532
Stoppage,CBJ490,STOP,Home Timeout,263,490,4,OVERTIME,OT,02:44,02:16,2021-01-27T02:32:33Z,3,3,1,2020020098,R,Columbus Blue Jackets,Florida Panthers,3,3,Columbus Blue Jackets,Florida Panthers,0.0,0.0,tied,tied,3764
Stoppage,MIN811,STOP,Visitor Timeout,188,811,3,REGULAR,3rd,01:09,18:51,2021-01-27T02:55:59Z,1,1,1,2020020102,R,Minnesota Wild,Los Angeles Kings,2,1,Los Angeles Kings,Minnesota Wild,0.0,1.0,tied,winning,2469
Stoppage,VGK676,STOP,Home Timeout,278,676,3,REGULAR,3rd,10:15,09:45,2021-01-27T04:19:01Z,4,2,1,2020020106,R,Vegas Golden Knights,St. Louis Blues,4,4,Vegas Golden Knights,St. Louis Blues,-2.0,0.0,losing,tied,3015
Stoppage,BUF579,STOP,Visitor Timeout,234,579,3,REGULAR,3rd,10:46,09:14,2021-01-29T02:16:05Z,2,2,1,2020020110,R,Buffalo Sabres,New York Rangers,3,2,New York Rangers,Buffalo Sabres,0.0,1.0,tied,winning,3046
Stoppage,WSH353,STOP,Visitor Timeout,140,353,2,REGULAR,2nd,11:11,08:49,2021-01-29T01:20:48Z,3,3,1,2020020112,R,Washington Capitals,New York Islanders,3,6,New York Islanders,Washington Capitals,0.0,-3.0,tied,losing,1871
Stoppage,VAN598,STOP,Visitor Timeout,254,598,3,REGULAR,3rd,10:39,09:21,2021-01-29T05:12:01Z,1,4,1,2020020117,R,Vancouver Canucks,Ottawa Senators,1,4,Ottawa Senators,Vancouver Canucks,-3.0,-3.0,losing,losing,3039
Stoppage,MIN717,STOP,Visitor Timeout,252,717,3,REGULAR,3rd,18:08,01:52,2021-01-29T03:37:46Z,3,5,1,2020020118,R,Minnesota Wild,Los Angeles Kings,3,5,Los Angeles Kings,Minnesota Wild,-2.0,-2.0,losing,losing,3488
Stoppage,BUF803,STOP,Home Timeout,280,803,3,REGULAR,3rd,18:08,01:52,2021-01-30T20:28:48Z,3,3,1,2020020124,R,Buffalo Sabres,New Jersey Devils,3,3,Buffalo Sabres,New Jersey Devils,0.0,0.0,tied,tied,3488
Stoppage,TBL324,STOP,Visitor Timeout,111,324,2,REGULAR,2nd,06:41,13:19,2021-01-31T01:14:16Z,1,1,1,2020020129,R,Tampa Bay Lightning,Nashville Predators,3,4,Nashville Predators,Tampa Bay Lightning,0.0,-1.0,tied,losing,1601
Stoppage,MTL655,STOP,Home Timeout,330,655,3,REGULAR,3rd,18:57,01:03,2021-01-31T02:43:43Z,1,0,1,2020020131,R,Montréal Canadiens,Calgary Flames,2,0,Montréal Canadiens,Calgary Flames,-1.0,-2.0,losing,losing,3537
Stoppage,PHI694,STOP,Home Timeout,284,694,4,OVERTIME,OT,03:40,01:20,2021-02-01T02:32:06Z,3,3,1,2020020137,R,Philadelphia Flyers,New York Islanders,3,4,Philadelphia Flyers,New York Islanders,0.0,1.0,tied,winning,3820
Stoppage,MTL248,STOP,Visitor Timeout,151,248,2,REGULAR,2nd,08:40,11:20,2021-02-02T01:16:31Z,1,5,1,2020020147,R,Montréal Canadiens,Vancouver Canucks,2,6,Vancouver Canucks,Montréal Canadiens,-4.0,-4.0,losing,losing,1720
Stoppage,MTL650,STOP,Visitor Timeout,329,650,3,REGULAR,3rd,17:56,02:04,2021-02-03T02:31:32Z,2,4,1,2020020155,R,Montréal Canadiens,Vancouver Canucks,3,5,Vancouver Canucks,Montréal Canadiens,-2.0,-2.0,losing,losing,3476
Stoppage,PIT652,STOP,Home Timeout,262,652,3,REGULAR,3rd,13:56,06:04,2021-04-21T01:25:18Z,5,7,1,2020020166,R,Pittsburgh Penguins,New Jersey Devils,6,7,Pittsburgh Penguins,New Jersey Devils,2.0,1.0,winning,winning,3236
Stoppage,PIT667,STOP,Visitor Timeout,290,667,3,REGULAR,3rd,19:19,00:41,2021-04-21T01:38:34Z,5,7,2,2020020166,R,Pittsburgh Penguins,New Jersey Devils,6,7,New Jersey Devils,Pittsburgh Penguins,-2.0,-1.0,losing,losing,3559
Stoppage,STL548,STOP,Home Timeout,277,548,3,REGULAR,3rd,19:35,00:25,2021-02-05T03:29:18Z,4,3,1,2020020169,R,St. Louis Blues,Arizona Coyotes,4,3,St. Louis Blues,Arizona Coyotes,-1.0,-1.0,losing,losing,3575
Stoppage,MTL690,STOP,Visitor Timeout,355,690,3,REGULAR,3rd,19:35,00:25,2021-02-05T02:38:41Z,3,2,1,2020020170,R,Montréal Canadiens,Ottawa Senators,3,2,Ottawa Senators,Montréal Canadiens,1.0,1.0,winning,winning,3575
Stoppage,FLA682,STOP,Visitor Timeout,338,682,3,REGULAR,3rd,19:51,00:09,2021-02-06T02:37:26Z,1,2,1,2020020176,R,Florida Panthers,Nashville Predators,1,2,Nashville Predators,Florida Panthers,-1.0,-1.0,losing,losing,3591
Stoppage,ANA657,STOP,Home Timeout,317,657,4,OVERTIME,OT,02:33,02:27,2021-02-06T05:32:58Z,4,4,1,2020020178,R,Anaheim Ducks,San Jose Sharks,4,4,Anaheim Ducks,San Jose Sharks,0.0,0.0,tied,tied,3753
Stoppage,BOS442,STOP,Home Timeout,266,442,3,REGULAR,3rd,19:35,00:25,2021-03-27T19:29:10Z,2,3,1,2020020179,R,Boston Bruins,Buffalo Sabres,2,3,Boston Bruins,Buffalo Sabres,1.0,1.0,winning,winning,3575
Stoppage,CGY585,STOP,Visitor Timeout,297,585,3,REGULAR,3rd,16:55,03:05,2021-02-07T05:38:12Z,4,6,1,2020020185,R,Calgary Flames,Edmonton Oilers,4,6,Edmonton Oilers,Calgary Flames,-2.0,-2.0,losing,losing,3415
Stoppage,NYR593,STOP,Home Timeout,283,593,3,REGULAR,3rd,19:06,00:54,2021-02-09T02:23:54Z,2,0,1,2020020196,R,New York Rangers,New York Islanders,2,0,New York Rangers,New York Islanders,-2.0,-2.0,losing,losing,3546
Stoppage,NJD753,STOP,Visitor Timeout,342,753,3,REGULAR,3rd,19:08,00:52,2021-03-19T01:35:01Z,1,3,1,2020020201,R,New Jersey Devils,Pittsburgh Penguins,2,3,Pittsburgh Penguins,New Jersey Devils,-2.0,-1.0,losing,losing,3548
Stoppage,CGY631,STOP,Visitor Timeout,281,631,3,REGULAR,3rd,19:48,00:12,2021-02-10T05:28:50Z,2,3,1,2020020206,R,Calgary Flames,Winnipeg Jets,2,3,Winnipeg Jets,Calgary Flames,-1.0,-1.0,losing,losing,3588
Stoppage,PHI622,STOP,Home Timeout,273,622,3,REGULAR,3rd,18:34,01:26,2021-04-26T00:28:39Z,3,1,1,2020020216,R,Philadelphia Flyers,New Jersey Devils,3,3,Philadelphia Flyers,New Jersey Devils,-2.0,0.0,losing,tied,3514
Stoppage,PHI631,STOP,Visitor Timeout,289,631,4,OVERTIME,OT,01:01,03:59,2021-04-26T00:36:21Z,3,3,2,2020020216,R,Philadelphia Flyers,New Jersey Devils,3,3,New Jersey Devils,Philadelphia Flyers,0.0,0.0,tied,tied,3661
Stoppage,CHI705,STOP,Home Timeout,322,705,3,REGULAR,3rd,18:46,01:14,2021-02-12T03:24:54Z,6,5,1,2020020218,R,Chicago Blackhawks,Columbus Blue Jackets,6,5,Chicago Blackhawks,Columbus Blue Jackets,-1.0,-1.0,losing,losing,3526
Stoppage,NSH399,STOP,Visitor Timeout,256,399,3,REGULAR,3rd,19:00,01:00,2021-02-12T03:28:41Z,2,3,1,2020020219,R,Nashville Predators,Detroit Red Wings,2,3,Detroit Red Wings,Nashville Predators,-1.0,-1.0,losing,losing,3540
Stoppage,VAN701,STOP,Home Timeout,260,701,3,REGULAR,3rd,19:14,00:46,2021-02-12T05:32:35Z,3,1,1,2020020222,R,Vancouver Canucks,Calgary Flames,3,1,Vancouver Canucks,Calgary Flames,-2.0,-2.0,losing,losing,3554
Stoppage,DAL181,STOP,Home Timeout,196,181,2,REGULAR,2nd,10:40,09:20,2021-02-12T03:02:06Z,2,2,1,2020020224,R,Dallas Stars,Carolina Hurricanes,5,3,Dallas Stars,Carolina Hurricanes,0.0,-2.0,tied,losing,1840
Stoppage,NYR216,STOP,Home Timeout,332,216,3,REGULAR,3rd,18:58,01:02,2021-02-13T02:36:20Z,1,0,1,2020020228,R,New York Rangers,Boston Bruins,1,0,New York Rangers,Boston Bruins,-1.0,-1.0,losing,losing,3538
Stoppage,WPG593,STOP,Home Timeout,300,593,3,REGULAR,3rd,19:51,00:09,2021-02-13T22:26:52Z,2,1,1,2020020236,R,Winnipeg Jets,Ottawa Senators,2,1,Winnipeg Jets,Ottawa Senators,-1.0,-1.0,losing,losing,3591
Stoppage,VAN762,STOP,Visitor Timeout,319,762,3,REGULAR,3rd,19:29,00:31,2021-02-14T05:32:11Z,1,3,1,2020020237,R,Vancouver Canucks,Calgary Flames,1,3,Calgary Flames,Vancouver Canucks,-2.0,-2.0,losing,losing,3569
Stoppage,DAL248,STOP,Home Timeout,308,248,3,REGULAR,3rd,18:10,01:50,2021-02-14T03:32:20Z,3,2,1,2020020238,R,Dallas Stars,Carolina Hurricanes,3,3,Dallas Stars,Carolina Hurricanes,-1.0,0.0,losing,tied,3490
Stoppage,DAL551,STOP,Visitor Timeout,328,551,4,OVERTIME,OT,04:19,00:41,2021-02-14T03:44:27Z,3,3,2,2020020238,R,Dallas Stars,Carolina Hurricanes,3,3,Carolina Hurricanes,Dallas Stars,0.0,0.0,tied,tied,3859
Stoppage,PIT589,STOP,Visitor Timeout,305,589,3,REGULAR,3rd,18:57,01:03,2021-02-14T22:51:29Z,3,5,1,2020020242,R,Pittsburgh Penguins,Washington Capitals,3,6,Washington Capitals,Pittsburgh Penguins,-2.0,-3.0,losing,losing,3537
Stoppage,VGK589,STOP,Visitor Timeout,313,589,3,REGULAR,3rd,18:58,01:02,2021-02-15T02:32:32Z,0,1,1,2020020243,R,Vegas Golden Knights,Colorado Avalanche,0,1,Colorado Avalanche,Vegas Golden Knights,-1.0,-1.0,losing,losing,3538
Stoppage,EDM667,STOP,Home Timeout,298,667,3,REGULAR,3rd,18:26,01:34,2021-02-16T04:29:39Z,6,5,1,2020020248,R,Edmonton Oilers,Winnipeg Jets,6,5,Edmonton Oilers,Winnipeg Jets,-1.0,-1.0,losing,losing,3506
Stoppage,VAN710,STOP,Home Timeout,282,710,3,REGULAR,3rd,19:23,00:37,2021-02-16T05:33:18Z,3,2,1,2020020249,R,Vancouver Canucks,Calgary Flames,4,3,Vancouver Canucks,Calgary Flames,-1.0,-1.0,losing,losing,3563
Stoppage,PIT736,STOP,Home Timeout,294,736,3,REGULAR,3rd,18:54,01:06,2021-02-17T02:30:02Z,3,1,1,2020020257,R,Pittsburgh Penguins,Washington Capitals,3,1,Pittsburgh Penguins,Washington Capitals,-2.0,-2.0,losing,losing,3534
Stoppage,VGK760,STOP,Home Timeout,272,760,3,REGULAR,3rd,19:19,00:41,2021-02-17T05:27:57Z,3,2,1,2020020259,R,Vegas Golden Knights,Colorado Avalanche,3,2,Vegas Golden Knights,Colorado Avalanche,-1.0,-1.0,losing,losing,3559
Stoppage,BOS624,STOP,Home Timeout,290,624,3,REGULAR,3rd,18:54,01:06,2021-02-19T02:31:46Z,3,2,1,2020020265,R,Boston Bruins,New Jersey Devils,3,2,Boston Bruins,New Jersey Devils,-1.0,-1.0,losing,losing,3534
Stoppage,PHI715,STOP,Visitor Timeout,314,715,4,OVERTIME,OT,02:22,02:38,2021-02-19T02:40:29Z,2,2,1,2020020266,R,Philadelphia Flyers,New York Rangers,2,2,New York Rangers,Philadelphia Flyers,0.0,0.0,tied,tied,3742
Stoppage,STL953,STOP,Home Timeout,315,953,4,OVERTIME,OT,03:21,01:39,2021-02-19T03:36:21Z,2,2,1,2020020269,R,St. Louis Blues,San Jose Sharks,2,3,St. Louis Blues,San Jose Sharks,0.0,1.0,tied,winning,3801
Stoppage,ANA340,STOP,Home Timeout,266,340,3,REGULAR,3rd,19:05,00:55,2021-02-19T05:29:20Z,3,1,1,2020020273,R,Anaheim Ducks,Minnesota Wild,3,1,Anaheim Ducks,Minnesota Wild,-2.0,-2.0,losing,losing,3545
Stoppage,CAR802,STOP,Visitor Timeout,311,802,3,REGULAR,3rd,19:00,01:00,2021-02-20T02:28:15Z,2,5,1,2020020274,R,Carolina Hurricanes,Chicago Blackhawks,3,5,Chicago Blackhawks,Carolina Hurricanes,-3.0,-2.0,losing,losing,3540
Stoppage,DET66,STOP,Home Timeout,60,66,1,REGULAR,1st,12:45,07:15,2021-02-20T00:31:35Z,3,0,1,2020020275,R,Detroit Red Wings,Florida Panthers,7,2,Detroit Red Wings,Florida Panthers,-3.0,-5.0,losing,losing,765
Stoppage,CGY585,STOP,Home Timeout,268,585,3,REGULAR,3rd,19:03,00:57,2021-02-20T04:18:48Z,2,1,1,2020020276,R,Calgary Flames,Edmonton Oilers,2,1,Calgary Flames,Edmonton Oilers,-1.0,-1.0,losing,losing,3543
Stoppage,NJD555,STOP,Home Timeout,239,555,3,REGULAR,3rd,16:26,03:34,2021-02-20T19:52:22Z,3,1,1,2020020278,R,New Jersey Devils,Buffalo Sabres,3,2,New Jersey Devils,Buffalo Sabres,-2.0,-1.0,losing,losing,3386
Stoppage,MTL495,STOP,Home Timeout,299,495,3,REGULAR,3rd,18:53,01:07,2021-02-21T02:41:34Z,5,3,1,2020020284,R,Montréal Canadiens,Toronto Maple Leafs,5,3,Montréal Canadiens,Toronto Maple Leafs,-2.0,-2.0,losing,losing,3533
Stoppage,WSH761,STOP,Home Timeout,315,761,3,REGULAR,3rd,19:32,00:28,2021-03-21T01:34:25Z,3,1,1,2020020291,R,Washington Capitals,New York Rangers,3,1,Washington Capitals,New York Rangers,-2.0,-2.0,losing,losing,3572
Stoppage,VAN816,STOP,Home Timeout,302,816,3,REGULAR,3rd,19:22,00:38,2021-02-22T05:30:31Z,3,3,1,2020020294,R,Vancouver Canucks,Winnipeg Jets,4,3,Vancouver Canucks,Winnipeg Jets,0.0,-1.0,tied,losing,3562
Stoppage,NJD627,STOP,Home Timeout,292,627,3,REGULAR,3rd,17:10,02:50,2021-02-24T02:27:00Z,3,0,1,2020020295,R,New Jersey Devils,Buffalo Sabres,4,1,New Jersey Devils,Buffalo Sabres,-3.0,-3.0,losing,losing,3430
Stoppage,OTT357,STOP,Home Timeout,136,357,2,REGULAR,2nd,00:59,19:01,2021-02-24T01:07:53Z,1,2,1,2020020306,R,Ottawa Senators,Montréal Canadiens,4,4,Ottawa Senators,Montréal Canadiens,1.0,0.0,winning,tied,1259
Stoppage,STL854,STOP,Visitor Timeout,287,854,3,REGULAR,3rd,18:14,01:46,2021-02-25T04:59:33Z,2,1,1,2020020309,R,St. Louis Blues,Los Angeles Kings,2,1,Los Angeles Kings,St. Louis Blues,1.0,1.0,winning,winning,3494
Stoppage,ARI550,STOP,Visitor Timeout,296,550,3,REGULAR,3rd,11:49,08:11,2021-02-25T04:22:41Z,3,2,1,2020020311,R,Arizona Coyotes,Anaheim Ducks,3,3,Anaheim Ducks,Arizona Coyotes,1.0,0.0,winning,tied,3109
Stoppage,WSH583,STOP,Visitor Timeout,307,583,3,REGULAR,3rd,18:38,01:22,2021-02-26T02:32:09Z,2,4,1,2020020313,R,Washington Capitals,Pittsburgh Penguins,2,5,Pittsburgh Penguins,Washington Capitals,-2.0,-3.0,losing,losing,3518
Stoppage,OTT323,STOP,Visitor Timeout,146,323,2,REGULAR,2nd,07:24,12:36,2021-02-26T01:12:10Z,1,4,1,2020020318,R,Ottawa Senators,Calgary Flames,1,6,Calgary Flames,Ottawa Senators,-3.0,-5.0,losing,losing,1644
Stoppage,ARI522,STOP,Visitor Timeout,294,522,3,REGULAR,3rd,19:07,00:53,2021-02-27T04:34:39Z,3,2,1,2020020321,R,Arizona Coyotes,Colorado Avalanche,3,2,Colorado Avalanche,Arizona Coyotes,1.0,1.0,winning,winning,3547
Stoppage,NJD616,STOP,Home Timeout,261,616,3,REGULAR,3rd,18:54,01:06,2021-02-27T20:40:37Z,4,2,1,2020020327,R,New Jersey Devils,Washington Capitals,5,2,New Jersey Devils,Washington Capitals,-2.0,-3.0,losing,losing,3534
Stoppage,MIN664,STOP,Home Timeout,275,664,4,OVERTIME,OT,02:22,02:38,2021-02-28T03:39:43Z,3,3,1,2020020336,R,Minnesota Wild,Los Angeles Kings,3,4,Minnesota Wild,Los Angeles Kings,0.0,1.0,tied,winning,3742
Stoppage,ANA394,STOP,Visitor Timeout,271,394,3,REGULAR,3rd,08:38,11:22,2021-02-28T05:09:30Z,2,1,1,2020020338,R,Anaheim Ducks,Vegas Golden Knights,3,2,Vegas Golden Knights,Anaheim Ducks,1.0,1.0,winning,winning,2918
Stoppage,ANA396,STOP,Home Timeout,275,396,3,REGULAR,3rd,09:23,10:37,2021-02-28T05:11:22Z,2,1,2,2020020338,R,Anaheim Ducks,Vegas Golden Knights,3,2,Anaheim Ducks,Vegas Golden Knights,-1.0,-1.0,losing,losing,2963
Stoppage,NJD618,STOP,Home Timeout,255,618,3,REGULAR,3rd,19:28,00:32,2021-02-28T22:31:43Z,3,2,1,2020020346,R,New Jersey Devils,Washington Capitals,3,2,New Jersey Devils,Washington Capitals,-1.0,-1.0,losing,losing,3568
Stoppage,OTT380,STOP,Visitor Timeout,169,380,2,REGULAR,2nd,08:26,11:34,2021-03-02T01:14:44Z,0,2,1,2020020349,R,Ottawa Senators,Calgary Flames,1,5,Calgary Flames,Ottawa Senators,-2.0,-4.0,losing,losing,1706
Stoppage,ANA663,STOP,Home Timeout,324,663,3,REGULAR,3rd,17:54,02:06,2021-03-02T05:32:11Z,4,3,1,2020020352,R,Anaheim Ducks,St. Louis Blues,5,4,Anaheim Ducks,St. Louis Blues,-1.0,-1.0,losing,losing,3474
Stoppage,ANA533,STOP,Home Timeout,308,533,3,REGULAR,3rd,18:42,01:18,2021-03-04T05:03:31Z,3,1,1,2020020362,R,Anaheim Ducks,St. Louis Blues,3,2,Anaheim Ducks,St. Louis Blues,-2.0,-1.0,losing,losing,3522
Stoppage,PIT71,STOP,Visitor Timeout,27,71,1,REGULAR,1st,03:57,16:03,2021-03-05T00:17:16Z,0,3,1,2020020366,R,Pittsburgh Penguins,Philadelphia Flyers,4,3,Philadelphia Flyers,Pittsburgh Penguins,-3.0,1.0,losing,winning,237
Stoppage,NSH712,STOP,Home Timeout,306,712,3,REGULAR,3rd,18:47,01:13,2021-03-05T03:41:21Z,5,4,1,2020020368,R,Nashville Predators,Florida Panthers,5,4,Nashville Predators,Florida Panthers,-1.0,-1.0,losing,losing,3527
Stoppage,CHI808,STOP,Visitor Timeout,363,808,4,OVERTIME,OT,03:04,01:56,2021-03-06T03:37:39Z,3,3,1,2020020376,R,Chicago Blackhawks,Tampa Bay Lightning,3,3,Tampa Bay Lightning,Chicago Blackhawks,0.0,0.0,tied,tied,3784
Stoppage,LAK549,STOP,Visitor Timeout,224,549,3,REGULAR,3rd,19:16,00:44,2021-03-06T04:25:16Z,1,2,1,2020020379,R,Los Angeles Kings,St. Louis Blues,3,2,St. Louis Blues,Los Angeles Kings,-1.0,1.0,losing,winning,3556
Stoppage,SJS670,STOP,Home Timeout,299,670,3,REGULAR,3rd,18:53,01:07,2021-03-06T06:03:18Z,4,4,1,2020020380,R,San Jose Sharks,Vegas Golden Knights,5,4,San Jose Sharks,Vegas Golden Knights,0.0,-1.0,tied,losing,3533
Stoppage,EDM766,STOP,Visitor Timeout,341,766,3,REGULAR,3rd,19:10,00:50,2021-03-07T05:31:54Z,2,3,1,2020020383,R,Edmonton Oilers,Calgary Flames,2,3,Calgary Flames,Edmonton Oilers,-1.0,-1.0,losing,losing,3550
Stoppage,COL731,STOP,Visitor Timeout,328,731,4,OVERTIME,OT,00:51,04:09,2021-03-07T03:41:35Z,4,4,1,2020020386,R,Colorado Avalanche,Anaheim Ducks,5,4,Anaheim Ducks,Colorado Avalanche,0.0,1.0,tied,winning,3651
Stoppage,WSH766,STOP,Visitor Timeout,308,766,3,REGULAR,3rd,19:48,00:12,2021-02-21T21:56:58Z,3,4,1,2020020392,R,Washington Capitals,New Jersey Devils,3,4,New Jersey Devils,Washington Capitals,-1.0,-1.0,losing,losing,3588
Stoppage,PIT207,STOP,Visitor Timeout,85,207,1,REGULAR,1st,17:14,02:46,2021-03-08T01:12:56Z,1,3,1,2020020393,R,Pittsburgh Penguins,New York Rangers,1,5,New York Rangers,Pittsburgh Penguins,-2.0,-4.0,losing,losing,1034
Stoppage,CGY567,STOP,Visitor Timeout,300,567,4,OVERTIME,OT,03:47,01:13,2021-03-08T05:12:27Z,3,3,1,2020020395,R,Calgary Flames,Ottawa Senators,3,3,Ottawa Senators,Calgary Flames,0.0,0.0,tied,tied,3827
Stoppage,WSH543,STOP,Home Timeout,269,543,3,REGULAR,3rd,10:17,09:43,2021-03-10T02:17:27Z,2,4,1,2020020403,R,Washington Capitals,New Jersey Devils,4,5,Washington Capitals,New Jersey Devils,2.0,1.0,winning,winning,3017
Stoppage,TOR421,STOP,Home Timeout,266,421,3,REGULAR,3rd,18:06,01:54,2021-03-10T02:18:51Z,4,2,1,2020020408,R,Toronto Maple Leafs,Winnipeg Jets,4,3,Toronto Maple Leafs,Winnipeg Jets,-2.0,-1.0,losing,losing,3486
Stoppage,BOS221,STOP,Visitor Timeout,131,221,2,REGULAR,2nd,04:52,15:08,2021-03-12T01:08:55Z,0,3,1,2020020415,R,Boston Bruins,New York Rangers,0,4,New York Rangers,Boston Bruins,-3.0,-4.0,losing,losing,1492
Stoppage,NYI472,STOP,Home Timeout,206,472,3,REGULAR,3rd,04:03,15:57,2021-03-12T02:02:14Z,1,4,1,2020020417,R,New York Islanders,New Jersey Devils,3,5,New York Islanders,New Jersey Devils,3.0,2.0,winning,winning,2643
Stoppage,DET371,STOP,Visitor Timeout,110,371,2,REGULAR,2nd,04:50,15:10,2021-03-12T01:42:48Z,2,4,1,2020020421,R,Detroit Red Wings,Tampa Bay Lightning,4,6,Tampa Bay Lightning,Detroit Red Wings,-2.0,-2.0,losing,losing,1490
Stoppage,DAL234,STOP,Home Timeout,220,234,2,REGULAR,2nd,18:35,01:25,2021-03-12T03:11:47Z,4,0,1,2020020424,R,Dallas Stars,Chicago Blackhawks,4,2,Dallas Stars,Chicago Blackhawks,-4.0,-2.0,losing,losing,2315
Stoppage,STL772,STOP,Visitor Timeout,313,772,4,OVERTIME,OT,00:58,04:02,2021-03-13T03:40:35Z,4,4,1,2020020425,R,St. Louis Blues,Vegas Golden Knights,5,4,Vegas Golden Knights,St. Louis Blues,0.0,1.0,tied,winning,3658
Stoppage,COL596,STOP,Visitor Timeout,284,596,3,REGULAR,3rd,18:25,01:35,2021-03-13T04:33:20Z,0,1,1,2020020428,R,Colorado Avalanche,Los Angeles Kings,0,2,Los Angeles Kings,Colorado Avalanche,-1.0,-2.0,losing,losing,3505
Stoppage,FLA574,STOP,Visitor Timeout,286,574,3,REGULAR,3rd,18:28,01:32,2021-03-14T01:41:21Z,1,4,1,2020020435,R,Florida Panthers,Chicago Blackhawks,2,4,Chicago Blackhawks,Florida Panthers,-3.0,-2.0,losing,losing,3508
Stoppage,CGY592,STOP,Visitor Timeout,301,592,3,REGULAR,3rd,17:20,02:40,2021-03-14T02:31:48Z,1,3,1,2020020439,R,Calgary Flames,Montréal Canadiens,1,3,Montréal Canadiens,Calgary Flames,-2.0,-2.0,losing,losing,3440
Stoppage,VAN753,STOP,Visitor Timeout,303,753,3,REGULAR,3rd,18:14,01:46,2021-03-14T04:33:22Z,1,2,1,2020020440,R,Vancouver Canucks,Edmonton Oilers,1,2,Edmonton Oilers,Vancouver Canucks,-1.0,-1.0,losing,losing,3494
Stoppage,ANA663,STOP,Home Timeout,320,663,3,REGULAR,3rd,18:23,01:37,2021-03-14T04:28:19Z,3,1,1,2020020441,R,Anaheim Ducks,San Jose Sharks,3,1,Anaheim Ducks,San Jose Sharks,-2.0,-2.0,losing,losing,3503
Stoppage,VGK691,STOP,Visitor Timeout,327,691,3,REGULAR,3rd,19:34,00:26,2021-03-16T04:32:12Z,1,2,1,2020020455,R,Vegas Golden Knights,San Jose Sharks,1,2,San Jose Sharks,Vegas Golden Knights,-1.0,-1.0,losing,losing,3574
Stoppage,LAK105,STOP,Visitor Timeout,23,105,1,REGULAR,1st,04:19,15:41,2021-03-18T02:16:47Z,0,2,1,2020020467,R,Los Angeles Kings,St. Louis Blues,1,4,St. Louis Blues,Los Angeles Kings,-2.0,-3.0,losing,losing,259
Stoppage,NYI701,STOP,Home Timeout,277,701,3,REGULAR,3rd,18:26,01:34,2021-03-19T01:31:10Z,4,3,1,2020020469,R,New York Islanders,Philadelphia Flyers,4,3,New York Islanders,Philadelphia Flyers,-1.0,-1.0,losing,losing,3506
Stoppage,DET633,STOP,Visitor Timeout,251,633,3,REGULAR,3rd,18:40,01:20,2021-03-19T01:59:24Z,1,3,1,2020020473,R,Detroit Red Wings,Dallas Stars,2,3,Dallas Stars,Detroit Red Wings,-2.0,-1.0,losing,losing,3520
Stoppage,MTL666,STOP,Home Timeout,297,666,3,REGULAR,3rd,18:37,01:23,2021-03-20T01:29:43Z,2,1,1,2020020479,R,Montréal Canadiens,Vancouver Canucks,3,2,Montréal Canadiens,Vancouver Canucks,-1.0,-1.0,losing,losing,3517
Stoppage,SJS764,STOP,Home Timeout,349,764,4,OVERTIME,OT,02:26,02:34,2021-03-20T03:40:14Z,1,1,1,2020020482,R,San Jose Sharks,St. Louis Blues,1,1,San Jose Sharks,St. Louis Blues,0.0,0.0,tied,tied,3746
Stoppage,BUF690,STOP,Home Timeout,275,690,3,REGULAR,3rd,16:59,03:01,2021-04-21T00:58:35Z,2,0,1,2020020483,R,Buffalo Sabres,Boston Bruins,2,0,Buffalo Sabres,Boston Bruins,-2.0,-2.0,losing,losing,3419
Stoppage,NYI29,STOP,Visitor Timeout,46,29,1,REGULAR,1st,10:03,09:57,2021-03-20T23:22:10Z,0,2,1,2020020484,R,New York Islanders,Philadelphia Flyers,1,6,Philadelphia Flyers,New York Islanders,-2.0,-5.0,losing,losing,603
Stoppage,ARI730,STOP,Visitor Timeout,291,730,4,OVERTIME,OT,02:11,02:49,2021-03-24T04:38:56Z,4,4,1,2020020508,R,Arizona Coyotes,Colorado Avalanche,4,4,Colorado Avalanche,Arizona Coyotes,0.0,0.0,tied,tied,3731
Stoppage,MIN752,STOP,Visitor Timeout,263,752,3,REGULAR,3rd,17:53,02:07,2021-03-25T00:02:51Z,2,3,1,2020020513,R,Minnesota Wild,Anaheim Ducks,2,3,Anaheim Ducks,Minnesota Wild,-1.0,-1.0,losing,losing,3473
Stoppage,CGY584,STOP,Home Timeout,304,584,3,REGULAR,3rd,19:47,00:13,2021-03-27T04:30:42Z,3,2,1,2020020527,R,Calgary Flames,Winnipeg Jets,3,2,Calgary Flames,Winnipeg Jets,-1.0,-1.0,losing,losing,3587
Stoppage,TOR582,STOP,Home Timeout,263,582,3,REGULAR,3rd,19:08,00:52,2021-03-28T01:35:25Z,3,3,1,2020020536,R,Toronto Maple Leafs,Edmonton Oilers,3,4,Toronto Maple Leafs,Edmonton Oilers,0.0,1.0,tied,winning,3548
Stoppage,CHI624,STOP,Visitor Timeout,277,624,3,REGULAR,3rd,09:25,10:35,2021-03-29T02:11:51Z,2,2,1,2020020545,R,Chicago Blackhawks,Nashville Predators,3,2,Nashville Predators,Chicago Blackhawks,0.0,1.0,tied,winning,2965
Stoppage,BOS716,STOP,Visitor Timeout,337,716,4,OVERTIME,OT,02:39,02:21,2021-03-31T01:47:56Z,4,4,1,2020020556,R,Boston Bruins,New Jersey Devils,4,4,New Jersey Devils,Boston Bruins,0.0,0.0,tied,tied,3759
Stoppage,PIT489,STOP,Visitor Timeout,271,489,3,REGULAR,3rd,17:12,02:48,2021-03-28T01:24:09Z,2,5,1,2020020561,R,Pittsburgh Penguins,New York Islanders,3,6,New York Islanders,Pittsburgh Penguins,-3.0,-3.0,losing,losing,3432
Stoppage,STL540,STOP,Visitor Timeout,284,540,3,REGULAR,3rd,19:11,00:49,2021-02-09T03:31:16Z,2,3,1,2020020565,R,St. Louis Blues,Arizona Coyotes,3,3,Arizona Coyotes,St. Louis Blues,-1.0,0.0,losing,tied,3551
Stoppage,WPG663,STOP,Home Timeout,301,663,3,REGULAR,3rd,19:18,00:42,2021-04-01T02:02:19Z,3,1,1,2020020566,R,Winnipeg Jets,Toronto Maple Leafs,3,1,Winnipeg Jets,Toronto Maple Leafs,-2.0,-2.0,losing,losing,3558
Stoppage,VAN341,STOP,Home Timeout,144,341,2,REGULAR,2nd,08:05,11:55,2021-05-17T03:48:15Z,4,0,1,2020020567,R,Vancouver Canucks,Calgary Flames,6,5,Vancouver Canucks,Calgary Flames,-4.0,-1.0,losing,losing,1685
Stoppage,VGK624,STOP,Visitor Timeout,273,624,3,REGULAR,3rd,14:39,05:21,2021-04-01T04:27:41Z,4,2,1,2020020569,R,Vegas Golden Knights,Los Angeles Kings,4,2,Los Angeles Kings,Vegas Golden Knights,2.0,2.0,winning,winning,3279
Stoppage,CHI715,STOP,Home Timeout,324,715,3,REGULAR,3rd,19:31,00:29,2021-04-02T02:39:26Z,4,3,1,2020020576,R,Chicago Blackhawks,Carolina Hurricanes,4,3,Chicago Blackhawks,Carolina Hurricanes,-1.0,-1.0,losing,losing,3571
Stoppage,EDM649,STOP,Visitor Timeout,304,649,3,REGULAR,3rd,18:57,01:03,2021-04-03T03:26:21Z,2,3,1,2020020582,R,Edmonton Oilers,Calgary Flames,2,3,Calgary Flames,Edmonton Oilers,-1.0,-1.0,losing,losing,3537
Stoppage,ANA665,STOP,Home Timeout,286,665,3,REGULAR,3rd,19:15,00:45,2021-04-03T04:32:55Z,4,2,1,2020020583,R,Anaheim Ducks,Arizona Coyotes,4,2,Anaheim Ducks,Arizona Coyotes,-2.0,-2.0,losing,losing,3555
Stoppage,BOS703,STOP,Visitor Timeout,278,703,3,REGULAR,3rd,18:45,01:15,2021-04-03T19:33:28Z,4,6,1,2020020585,R,Boston Bruins,Pittsburgh Penguins,5,7,Pittsburgh Penguins,Boston Bruins,-2.0,-2.0,losing,losing,3525
Stoppage,NYI759,STOP,Home Timeout,287,759,4,OVERTIME,OT,04:45,00:15,2021-04-04T01:38:46Z,2,2,1,2020020587,R,New York Islanders,Philadelphia Flyers,2,2,New York Islanders,Philadelphia Flyers,0.0,0.0,tied,tied,3885
Stoppage,NJD531,STOP,Home Timeout,298,531,3,REGULAR,3rd,19:53,00:07,2021-04-04T21:37:39Z,5,4,1,2020020597,R,New Jersey Devils,Washington Capitals,5,4,New Jersey Devils,Washington Capitals,-1.0,-1.0,losing,losing,3593
Stoppage,STL98,STOP,Home Timeout,147,98,2,REGULAR,2nd,07:40,12:20,2021-04-06T01:14:05Z,3,1,1,2020020606,R,St. Louis Blues,Vegas Golden Knights,6,1,St. Louis Blues,Vegas Golden Knights,-2.0,-5.0,losing,losing,1660
Stoppage,CGY561,STOP,Visitor Timeout,255,561,3,REGULAR,3rd,10:05,09:55,2021-04-06T03:44:22Z,3,2,1,2020020608,R,Calgary Flames,Toronto Maple Leafs,5,3,Toronto Maple Leafs,Calgary Flames,1.0,2.0,winning,winning,3005
Stoppage,MIN1102,STOP,Home Timeout,322,1102,3,REGULAR,3rd,19:25,00:35,2021-04-06T02:46:11Z,5,4,1,2020020609,R,Minnesota Wild,Colorado Avalanche,5,4,Minnesota Wild,Colorado Avalanche,-1.0,-1.0,losing,losing,3565
Stoppage,LAK18,STOP,Home Timeout,42,18,1,REGULAR,1st,07:28,12:32,2021-04-06T02:22:37Z,2,0,1,2020020610,R,Los Angeles Kings,Arizona Coyotes,5,2,Los Angeles Kings,Arizona Coyotes,-2.0,-3.0,losing,losing,448
Stoppage,NYR207,STOP,Visitor Timeout,66,207,1,REGULAR,1st,09:58,10:02,2021-04-06T23:29:09Z,0,3,1,2020020613,R,New York Rangers,Pittsburgh Penguins,4,8,Pittsburgh Penguins,New York Rangers,-3.0,-4.0,losing,losing,598
Stoppage,TOR81,STOP,Home Timeout,57,81,1,REGULAR,1st,10:25,09:35,2021-04-08T00:00:08Z,1,1,1,2020020622,R,Toronto Maple Leafs,Montréal Canadiens,2,3,Toronto Maple Leafs,Montréal Canadiens,0.0,1.0,tied,winning,625
Stoppage,TOR599,STOP,Visitor Timeout,325,599,3,REGULAR,3rd,19:13,00:47,2021-04-08T02:04:38Z,2,3,2,2020020622,R,Toronto Maple Leafs,Montréal Canadiens,2,3,Montréal Canadiens,Toronto Maple Leafs,-1.0,-1.0,losing,losing,3553
Stoppage,NYI759,STOP,Home Timeout,289,759,4,OVERTIME,OT,03:02,01:58,2021-04-09T01:37:20Z,2,2,1,2020020626,R,New York Islanders,Philadelphia Flyers,2,2,New York Islanders,Philadelphia Flyers,0.0,0.0,tied,tied,3782
Stoppage,WSH664,STOP,Home Timeout,308,664,3,REGULAR,3rd,18:15,01:45,2021-04-09T01:37:17Z,4,2,1,2020020628,R,Washington Capitals,Boston Bruins,4,2,Washington Capitals,Boston Bruins,-2.0,-2.0,losing,losing,3495
Stoppage,VGK24,STOP,Visitor Timeout,31,24,1,REGULAR,1st,04:41,15:19,2021-04-10T02:15:23Z,0,1,1,2020020639,R,Vegas Golden Knights,Arizona Coyotes,4,7,Arizona Coyotes,Vegas Golden Knights,-1.0,-3.0,losing,losing,281
Stoppage,CBJ15,STOP,Visitor Timeout,21,15,1,REGULAR,1st,03:13,16:47,2021-04-10T23:13:34Z,0,1,1,2020020643,R,Columbus Blue Jackets,Chicago Blackhawks,4,3,Chicago Blackhawks,Columbus Blue Jackets,-1.0,1.0,losing,winning,193
Stoppage,MTL628,STOP,Visitor Timeout,298,628,3,REGULAR,3rd,18:56,01:04,2021-04-13T01:24:45Z,2,4,1,2020020660,R,Montréal Canadiens,Toronto Maple Leafs,2,4,Toronto Maple Leafs,Montréal Canadiens,-2.0,-2.0,losing,losing,3536
Stoppage,NJD564,STOP,Home Timeout,232,564,3,REGULAR,3rd,18:41,01:19,2021-04-14T01:18:01Z,2,0,1,2020020666,R,New Jersey Devils,New York Rangers,3,0,New Jersey Devils,New York Rangers,-2.0,-3.0,losing,losing,3521
Stoppage,OTT550,STOP,Home Timeout,304,550,3,REGULAR,3rd,18:55,01:05,2021-04-15T01:25:51Z,3,1,1,2020020672,R,Ottawa Senators,Winnipeg Jets,3,2,Ottawa Senators,Winnipeg Jets,-2.0,-1.0,losing,losing,3535
Stoppage,PIT610,STOP,Home Timeout,274,610,3,REGULAR,3rd,17:08,02:52,2021-04-16T01:28:41Z,1,1,1,2020020680,R,Pittsburgh Penguins,Philadelphia Flyers,1,1,Pittsburgh Penguins,Philadelphia Flyers,0.0,0.0,tied,tied,3428
Stoppage,MTL476,STOP,Visitor Timeout,308,476,3,REGULAR,3rd,19:13,00:47,2021-04-17T00:23:59Z,1,2,1,2020020686,R,Montréal Canadiens,Calgary Flames,1,2,Calgary Flames,Montréal Canadiens,-1.0,-1.0,losing,losing,3553
Stoppage,NYR561,STOP,Home Timeout,231,561,3,REGULAR,3rd,06:38,13:22,2021-04-17T18:36:36Z,3,4,1,2020020691,R,New York Rangers,New Jersey Devils,3,6,New York Rangers,New Jersey Devils,1.0,3.0,winning,winning,2798
Stoppage,DET536,STOP,Home Timeout,238,536,3,REGULAR,3rd,12:36,07:24,2021-04-18T01:16:54Z,3,0,1,2020020695,R,Detroit Red Wings,Chicago Blackhawks,4,0,Detroit Red Wings,Chicago Blackhawks,-3.0,-4.0,losing,losing,3156
Stoppage,WPG613,STOP,Home Timeout,306,613,3,REGULAR,3rd,18:20,01:40,2021-04-18T01:27:32Z,3,0,1,2020020696,R,Winnipeg Jets,Edmonton Oilers,3,0,Winnipeg Jets,Edmonton Oilers,-3.0,-3.0,losing,losing,3500
Stoppage,NJD562,STOP,Home Timeout,222,562,3,REGULAR,3rd,03:34,16:26,2021-04-28T01:07:06Z,3,3,1,2020020716,R,New Jersey Devils,Philadelphia Flyers,4,6,New Jersey Devils,Philadelphia Flyers,0.0,2.0,tied,winning,2614
Stoppage,NJD678,STOP,Visitor Timeout,291,678,3,REGULAR,3rd,18:04,01:56,2021-04-28T01:36:25Z,4,5,2,2020020716,R,New Jersey Devils,Philadelphia Flyers,4,6,Philadelphia Flyers,New Jersey Devils,-1.0,-2.0,losing,losing,3484
Stoppage,EDM687,STOP,Home Timeout,346,687,3,REGULAR,3rd,18:49,01:11,2021-04-22T04:28:58Z,4,2,1,2020020721,R,Edmonton Oilers,Montréal Canadiens,4,3,Edmonton Oilers,Montréal Canadiens,-2.0,-1.0,losing,losing,3529
Stoppage,CHI629,STOP,Visitor Timeout,302,629,3,REGULAR,3rd,11:13,08:47,2021-04-22T01:15:45Z,4,3,1,2020020725,R,Chicago Blackhawks,Nashville Predators,4,5,Nashville Predators,Chicago Blackhawks,1.0,-1.0,winning,losing,3073
Stoppage,FLA610,STOP,Home Timeout,296,610,3,REGULAR,3rd,11:30,08:30,2021-04-23T01:21:18Z,3,1,1,2020020732,R,Florida Panthers,Carolina Hurricanes,4,2,Florida Panthers,Carolina Hurricanes,-2.0,-2.0,losing,losing,3090
Stoppage,BUF670,STOP,Visitor Timeout,283,670,3,REGULAR,3rd,19:07,00:53,2021-04-24T01:39:51Z,4,5,1,2020020738,R,Buffalo Sabres,Boston Bruins,4,6,Boston Bruins,Buffalo Sabres,-1.0,-2.0,losing,losing,3547
Stoppage,STL471,STOP,Home Timeout,286,471,3,REGULAR,3rd,11:11,08:49,2021-04-24T21:38:17Z,3,3,1,2020020748,R,St. Louis Blues,Colorado Avalanche,3,5,St. Louis Blues,Colorado Avalanche,0.0,2.0,tied,winning,3071
Stoppage,VAN753,STOP,Visitor Timeout,253,753,3,REGULAR,3rd,08:11,11:49,2021-04-25T04:21:37Z,1,2,1,2020020751,R,Vancouver Canucks,Ottawa Senators,2,4,Ottawa Senators,Vancouver Canucks,-1.0,-2.0,losing,losing,2891
Stoppage,NYR615,STOP,Visitor Timeout,275,615,3,REGULAR,3rd,18:28,01:32,2021-04-26T00:23:48Z,3,5,1,2020020754,R,New York Rangers,Buffalo Sabres,3,6,Buffalo Sabres,New York Rangers,-2.0,-3.0,losing,losing,3508
Stoppage,CGY563,STOP,Home Timeout,254,563,3,REGULAR,3rd,19:43,00:17,2021-04-27T00:56:57Z,2,1,1,2020020761,R,Calgary Flames,Montréal Canadiens,2,1,Calgary Flames,Montréal Canadiens,-1.0,-1.0,losing,losing,3583
Stoppage,SJS112,STOP,Visitor Timeout,24,112,1,REGULAR,1st,03:07,16:53,2021-04-27T02:43:08Z,0,2,1,2020020766,R,San Jose Sharks,Arizona Coyotes,4,6,Arizona Coyotes,San Jose Sharks,-2.0,-2.0,losing,losing,187
Stoppage,NJD928,STOP,Home Timeout,307,928,4,OVERTIME,OT,02:36,02:24,2021-03-14T23:45:43Z,2,2,1,2020020767,R,New Jersey Devils,New York Islanders,2,2,New Jersey Devils,New York Islanders,0.0,0.0,tied,tied,3756
Stoppage,OTT354,STOP,Visitor Timeout,119,354,2,REGULAR,2nd,01:10,18:50,2021-04-28T22:33:26Z,0,3,1,2020020776,R,Ottawa Senators,Vancouver Canucks,3,6,Vancouver Canucks,Ottawa Senators,-3.0,-3.0,losing,losing,1270
Stoppage,WPG784,STOP,Home Timeout,316,784,3,REGULAR,3rd,19:00,01:00,2021-04-29T03:29:30Z,2,1,1,2020020777,R,Winnipeg Jets,Edmonton Oilers,3,1,Winnipeg Jets,Edmonton Oilers,-1.0,-2.0,losing,losing,3540
Stoppage,SJS493,STOP,Visitor Timeout,287,493,3,REGULAR,3rd,18:34,01:26,2021-04-29T05:00:44Z,2,3,1,2020020781,R,San Jose Sharks,Arizona Coyotes,2,4,Arizona Coyotes,San Jose Sharks,-1.0,-2.0,losing,losing,3514
Stoppage,NJD688,STOP,Visitor Timeout,285,688,3,REGULAR,3rd,18:10,01:50,2021-04-30T01:34:01Z,2,5,1,2020020783,R,New Jersey Devils,Philadelphia Flyers,3,5,Philadelphia Flyers,New Jersey Devils,-3.0,-2.0,losing,losing,3490
Stoppage,NSH575,STOP,Home Timeout,281,575,4,OVERTIME,OT,00:58,04:02,2021-05-02T02:29:57Z,0,0,1,2020020804,R,Nashville Predators,Dallas Stars,0,1,Nashville Predators,Dallas Stars,0.0,1.0,tied,winning,3658
Stoppage,COL400,STOP,Visitor Timeout,270,400,3,REGULAR,3rd,17:47,02:13,2021-05-02T02:35:16Z,2,4,1,2020020808,R,Colorado Avalanche,San Jose Sharks,3,4,San Jose Sharks,Colorado Avalanche,-2.0,-1.0,losing,losing,3467
Stoppage,ARI689,STOP,Visitor Timeout,312,689,4,OVERTIME,OT,02:35,02:25,2021-05-02T04:39:03Z,2,2,1,2020020809,R,Arizona Coyotes,Vegas Golden Knights,3,2,Vegas Golden Knights,Arizona Coyotes,0.0,1.0,tied,winning,3755
Stoppage,NYR310,STOP,Visitor Timeout,125,310,2,REGULAR,2nd,04:35,15:25,2021-05-04T00:11:31Z,2,2,1,2020020814,R,New York Rangers,Washington Capitals,6,3,Washington Capitals,New York Rangers,0.0,3.0,tied,winning,1475
Stoppage,WPG578,STOP,Home Timeout,279,578,3,REGULAR,3rd,19:07,00:53,2021-05-09T01:27:18Z,3,1,1,2020020863,R,Winnipeg Jets,Ottawa Senators,4,2,Winnipeg Jets,Ottawa Senators,-2.0,-2.0,losing,losing,3547
Stoppage,PIT499,STOP,Visitor Timeout,332,499,3,REGULAR,3rd,18:32,01:28,2021-05-19T02:05:18Z,1,2,1,2020030112,P,Pittsburgh Penguins,New York Islanders,1,2,New York Islanders,Pittsburgh Penguins,-1.0,-1.0,losing,losing,3512
Stoppage,NYI410,STOP,Visitor Timeout,173,410,2,REGULAR,2nd,11:34,08:26,2021-05-26T23:56:54Z,3,5,1,2020030116,P,New York Islanders,Pittsburgh Penguins,3,5,Pittsburgh Penguins,New York Islanders,-2.0,-2.0,losing,losing,1894
Stoppage,MIN751,STOP,Home Timeout,314,751,3,REGULAR,3rd,18:24,01:36,2021-05-21T04:10:35Z,4,2,1,2020030163,P,Minnesota Wild,Vegas Golden Knights,5,2,Minnesota Wild,Vegas Golden Knights,-2.0,-3.0,losing,losing,3504
Stoppage,EDM626,STOP,Home Timeout,289,626,3,REGULAR,3rd,03:44,16:16,2021-05-22T03:14:09Z,0,0,1,2020030182,P,Edmonton Oilers,Winnipeg Jets,1,0,Edmonton Oilers,Winnipeg Jets,0.0,-1.0,tied,losing,2624
Stoppage,BOS616,STOP,Visitor Timeout,311,616,3,REGULAR,3rd,14:43,05:17,2021-06-08T00:59:33Z,5,3,1,2020030215,P,Boston Bruins,New York Islanders,5,4,New York Islanders,Boston Bruins,2.0,1.0,winning,winning,3283
Stoppage,NYI659,STOP,Visitor Timeout,303,659,3,REGULAR,3rd,19:01,00:59,2021-06-10T01:56:54Z,2,5,1,2020030216,P,New York Islanders,Boston Bruins,2,6,Boston Bruins,New York Islanders,-3.0,-4.0,losing,losing,3541
Stoppage,TBL492,STOP,Visitor Timeout,255,492,3,REGULAR,3rd,17:14,02:46,2021-06-05T22:36:50Z,4,6,1,2020030224,P,Tampa Bay Lightning,Carolina Hurricanes,4,6,Carolina Hurricanes,Tampa Bay Lightning,-2.0,-2.0,losing,losing,3434
Stoppage,COL778,STOP,Visitor Timeout,302,778,3,REGULAR,3rd,16:39,03:21,2021-06-03T04:49:32Z,2,2,1,2020030232,P,Colorado Avalanche,Vegas Golden Knights,2,3,Vegas Golden Knights,Colorado Avalanche,0.0,-1.0,tied,losing,3399
Stoppage,VGK817,STOP,Home Timeout,366,817,3,REGULAR,3rd,19:09,00:51,2021-06-17T03:38:45Z,3,2,1,2020030312,P,Vegas Golden Knights,Montréal Canadiens,3,2,Vegas Golden Knights,Montréal Canadiens,-1.0,-1.0,losing,losing,3549
Stoppage,MTL488,STOP,Visitor Timeout,221,488,2,REGULAR,2nd,17:50,02:10,2021-06-21T01:47:13Z,0,0,1,2020030314,P,Montréal Canadiens,Vegas Golden Knights,2,1,Vegas Golden Knights,Montréal Canadiens,0.0,1.0,tied,winning,2270
Stoppage,TBL682,STOP,Home Timeout,299,682,3,REGULAR,3rd,19:06,00:54,2021-06-13T21:36:22Z,2,1,1,2020030321,P,Tampa Bay Lightning,New York Islanders,2,1,Tampa Bay Lightning,New York Islanders,-1.0,-1.0,losing,losing,3546
Stoppage,TBL654,STOP,Home Timeout,233,654,3,REGULAR,3rd,04:41,15:19,2021-06-16T02:13:12Z,1,3,1,2020030322,P,Tampa Bay Lightning,New York Islanders,2,4,Tampa Bay Lightning,New York Islanders,2.0,2.0,winning,winning,2681
Stoppage,NYI640,STOP,Home Timeout,282,640,3,REGULAR,3rd,06:43,13:17,2021-06-20T02:22:01Z,2,3,1,2020030324,P,New York Islanders,Tampa Bay Lightning,2,3,New York Islanders,Tampa Bay Lightning,1.0,1.0,winning,winning,2803
Stoppage,NYI244,STOP,Home Timeout,159,244,2,REGULAR,2nd,08:07,11:53,2021-06-24T01:25:45Z,1,0,1,2020030326,P,New York Islanders,Tampa Bay Lightning,2,3,New York Islanders,Tampa Bay Lightning,-1.0,1.0,losing,winning,1687
Stoppage,TBL689,STOP,Visitor Timeout,333,689,3,REGULAR,3rd,19:13,00:47,2021-07-01T02:52:04Z,1,3,1,2020030412,P,Tampa Bay Lightning,Montréal Canadiens,1,3,Montréal Canadiens,Tampa Bay Lightning,-2.0,-2.0,losing,losing,3553
Stoppage,MTL24,STOP,Home Timeout,30,24,1,REGULAR,1st,03:27,16:33,2021-07-03T00:30:37Z,2,0,1,2020030413,P,Montréal Canadiens,Tampa Bay Lightning,6,3,Montréal Canadiens,Tampa Bay Lightning,-2.0,-3.0,losing,losing,207
Stoppage,MTL737,STOP,Visitor Timeout,335,737,4,OVERTIME,OT,02:27,17:33,2021-07-06T03:04:34Z,2,2,1,2020030414,P,Montréal Canadiens,Tampa Bay Lightning,2,3,Tampa Bay Lightning,Montréal Canadiens,0.0,-1.0,tied,losing,3747
